name,relative_url,population,more_or_less_pop,arrests,more_or_less_arrests,los_angeles,new_york_city,chicago,average_full_time_officers,more_or_less,full_url
"Aberdeen, Monmouth",/database/pd-dept/aberdeen-monmouth,294%,more likely,42%,more likely,4,15,16,34,,http://force.nj.com/database/pd-dept/aberdeen-monmouth
"Absecon, Atlantic",/database/pd-dept/absecon-atlantic,583%,more likely,68%,more likely,0,9,13,25,,http://force.nj.com/database/pd-dept/absecon-atlantic
"Allendale, Bergen",/database/pd-dept/allendale-bergen,N/A,Not found,8%,less likely,0,2,3,14,,http://force.nj.com/database/pd-dept/allendale-bergen
"Allenhurst, Monmouth",/database/pd-dept/allenhurst-monmouth,N/A,Not found,N/A,Not found,0,4,4,9,,http://force.nj.com/database/pd-dept/allenhurst-monmouth
"Allentown, Monmouth",/database/pd-dept/allentown-monmouth,N/A,Not found,N/A,Not found,0,1,1,5,,http://force.nj.com/database/pd-dept/allentown-monmouth
"Alpine, Bergen",/database/pd-dept/alpine-bergen,N/A,Not found,N/A,Not found,0,2,2,12,,http://force.nj.com/database/pd-dept/alpine-bergen
"Andover Township, Sussex",/database/pd-dept/andover-township-sussex,N/A,Not found,2%,more likely,0,5,5,12,,http://force.nj.com/database/pd-dept/andover-township-sussex
"Asbury Park, Monmouth",/database/pd-dept/asbury-park-monmouth,96%,more likely,39%,more likely,24,84,85,86,,http://force.nj.com/database/pd-dept/asbury-park-monmouth
"Atlantic City, Atlantic",/database/pd-dept/atlantic-city-atlantic,35%,less likely,3%,more likely,90,216,220,320,,http://force.nj.com/database/pd-dept/atlantic-city-atlantic
"Atlantic Highlands, Monmouth",/database/pd-dept/atlantic-highlands-monmouth,335%,more likely,69%,more likely,0,3,4,14,,http://force.nj.com/database/pd-dept/atlantic-highlands-monmouth
"Audubon, Camden",/database/pd-dept/audubon-camden,N/A,Not found,N/A,Not found,0,2,2,16,,http://force.nj.com/database/pd-dept/audubon-camden
"Avalon, Cape May",/database/pd-dept/avalon-cape-may,N/A,Not found,N/A,Not found,0,4,4,21,,http://force.nj.com/database/pd-dept/avalon-cape-may
"Avon-By-the-Sea, Monmouth",/database/pd-dept/avon-by-the-sea-monmouth,N/A,Not found,N/A,Not found,0,7,7,11,,http://force.nj.com/database/pd-dept/avon-by-the-sea-monmouth
"Barnegat, Ocean",/database/pd-dept/barnegat-ocean,216%,more likely,9%,more likely,0,20,23,46,,http://force.nj.com/database/pd-dept/barnegat-ocean
"Barrington, Camden",/database/pd-dept/barrington-camden,1147%,more likely,4%,more likely,0,11,11,14,,http://force.nj.com/database/pd-dept/barrington-camden
"Bay Head, Ocean",/database/pd-dept/bay-head-ocean,N/A,Not found,N/A,Not found,0,1,1,8,,http://force.nj.com/database/pd-dept/bay-head-ocean
"Bayonne, Hudson",/database/pd-dept/bayonne-hudson,108%,more likely,3%,more likely,11,88,92,186,,http://force.nj.com/database/pd-dept/bayonne-hudson
"Beach Haven, Ocean",/database/pd-dept/beach-haven-ocean,78%,more likely,286%,more likely,0,7,8,11,,http://force.nj.com/database/pd-dept/beach-haven-ocean
"Beachwood, Ocean",/database/pd-dept/beachwood-ocean,717%,more likely,63%,more likely,0,14,15,18,,http://force.nj.com/database/pd-dept/beachwood-ocean
"Bedminster, Somerset",/database/pd-dept/bedminster-somerset,N/A,Not found,353%,more likely,0,1,2,15,,http://force.nj.com/database/pd-dept/bedminster-somerset
"Belleville, Essex",/database/pd-dept/belleville-essex,76%,more likely,89%,more likely,12,64,66,107,,http://force.nj.com/database/pd-dept/belleville-essex
"Bellmawr, Camden",/database/pd-dept/bellmawr-camden,231%,more likely,47%,less likely,0,7,13,21,,http://force.nj.com/database/pd-dept/bellmawr-camden
"Belmar, Monmouth",/database/pd-dept/belmar-monmouth,218%,more likely,28%,less likely,2,31,32,20,,http://force.nj.com/database/pd-dept/belmar-monmouth
"Belvidere, Warren",/database/pd-dept/belvidere-warren,N/A,Not found,N/A,Not found,0,1,1,6,,http://force.nj.com/database/pd-dept/belvidere-warren
"Bergenfield, Bergen",/database/pd-dept/bergenfield-bergen,40%,more likely,17%,less likely,0,13,14,45,,http://force.nj.com/database/pd-dept/bergenfield-bergen
"Berkeley Heights, Union",/database/pd-dept/berkeley-heights-union,N/A,Not found,N/A,Not found,0,1,1,24,,http://force.nj.com/database/pd-dept/berkeley-heights-union
"Berkeley, Ocean",/database/pd-dept/berkeley-ocean,41%,less likely,76%,less likely,1,23,24,68,,http://force.nj.com/database/pd-dept/berkeley-ocean
"Berlin Borough, Camden",/database/pd-dept/berlin-borough-camden,529%,more likely,14%,more likely,1,10,11,16,,http://force.nj.com/database/pd-dept/berlin-borough-camden
"Berlin Township, Camden",/database/pd-dept/berlin-township-camden,36%,less likely,31%,less likely,0,6,6,17,,http://force.nj.com/database/pd-dept/berlin-township-camden
"Bernards, Somerset",/database/pd-dept/bernards-somerset,779%,more likely,10%,more likely,0,14,16,38,,http://force.nj.com/database/pd-dept/bernards-somerset
"Bernardsville, Somerset",/database/pd-dept/bernardsville-somerset,N/A,Not found,N/A,Not found,0,4,4,18,,http://force.nj.com/database/pd-dept/bernardsville-somerset
"Beverly, Burlington",/database/pd-dept/beverly-burlington,924%,more likely,53%,more likely,2,11,12,6,,http://force.nj.com/database/pd-dept/beverly-burlington
"Blairstown, Warren",/database/pd-dept/blairstown-warren,N/A,Not found,N/A,Not found,0,2,2,5,,http://force.nj.com/database/pd-dept/blairstown-warren
"Bloomfield, Essex",/database/pd-dept/bloomfield-essex,252%,more likely,83%,more likely,15,60,63,124,,http://force.nj.com/database/pd-dept/bloomfield-essex
"Bloomingdale, Passaic",/database/pd-dept/bloomingdale-passaic,642%,more likely,79%,more likely,0,8,9,16,,http://force.nj.com/database/pd-dept/bloomingdale-passaic
"Bogota, Bergen",/database/pd-dept/bogota-bergen,68%,more likely,52%,more likely,0,8,9,16,,http://force.nj.com/database/pd-dept/bogota-bergen
"Boonton, Morris",/database/pd-dept/boonton-morris,747%,more likely,88%,more likely,0,10,10,20,,http://force.nj.com/database/pd-dept/boonton-morris
"Boonton Township, Morris",/database/pd-dept/boonton-township-morris,N/A,Not found,N/A,Not found,0,3,3,12,,http://force.nj.com/database/pd-dept/boonton-township-morris
"Bordentown Township, Burlington",/database/pd-dept/bordentown-township-burlington,367%,more likely,5%,more likely,2,18,20,23,,http://force.nj.com/database/pd-dept/bordentown-township-burlington
"Bordentown City, Burlington",/database/pd-dept/bordentown-burlington,254%,more likely,35%,more likely,0,6,6,12,,http://force.nj.com/database/pd-dept/bordentown-burlington
"Bound Brook, Somerset",/database/pd-dept/bound-brook-somerset,527%,more likely,36%,more likely,3,16,16,24,,http://force.nj.com/database/pd-dept/bound-brook-somerset
"Bradley Beach, Monmouth",/database/pd-dept/bradley-beach-monmouth,925%,more likely,54%,more likely,1,12,14,17,,http://force.nj.com/database/pd-dept/bradley-beach-monmouth
"Branchburg, Somerset",/database/pd-dept/branchburg-somerset,150%,more likely,37%,more likely,0,8,9,26,,http://force.nj.com/database/pd-dept/branchburg-somerset
"Brick, Ocean",/database/pd-dept/brick-ocean,457%,more likely,39%,more likely,3,64,67,132,,http://force.nj.com/database/pd-dept/brick-ocean
"Bridgeton City, Cumberland",/database/pd-dept/bridgeton-city-cumberland,1%,less likely,39%,more likely,19,41,56,62,,http://force.nj.com/database/pd-dept/bridgeton-city-cumberland
"Bridgewater, Somerset",/database/pd-dept/bridgewater-somerset,994%,more likely,15%,more likely,0,36,37,73,,http://force.nj.com/database/pd-dept/bridgewater-somerset
"Brielle, Monmouth",/database/pd-dept/brielle-monmouth,N/A,Not found,681%,more likely,0,2,2,14,,http://force.nj.com/database/pd-dept/brielle-monmouth
"Brigantine Beach, Atlantic",/database/pd-dept/brigantine-beach-atlantic,974%,more likely,50%,more likely,0,13,13,34,,http://force.nj.com/database/pd-dept/brigantine-beach-atlantic
"Brooklawn, Camden",/database/pd-dept/brooklawn-camden,427%,more likely,4%,more likely,2,9,10,6,,http://force.nj.com/database/pd-dept/brooklawn-camden
"Buena Borough, Atlantic",/database/pd-dept/buena-borough-atlantic,838%,more likely,145%,more likely,1,3,7,9,,http://force.nj.com/database/pd-dept/buena-borough-atlantic
"Burlington City, Burlington",/database/pd-dept/burlington-city-burlington,497%,more likely,27%,more likely,2,29,30,32,,http://force.nj.com/database/pd-dept/burlington-city-burlington
"Burlington Township, Burlington",/database/pd-dept/burlington-town-burlington,215%,more likely,10%,more likely,0,26,26,42,,http://force.nj.com/database/pd-dept/burlington-town-burlington
"Butler, Morris",/database/pd-dept/butler-morris,N/A,Not found,43%,more likely,0,6,6,16,,http://force.nj.com/database/pd-dept/butler-morris
"Byram, Sussex",/database/pd-dept/byram-sussex,3922%,more likely,7%,more likely,1,5,6,14,,http://force.nj.com/database/pd-dept/byram-sussex
"Caldwell, Essex",/database/pd-dept/caldwell-essex,101%,more likely,17%,less likely,0,15,15,22,,http://force.nj.com/database/pd-dept/caldwell-essex
"Camden, Camden",/database/pd-dept/camden-camden,8%,more likely,447%,more likely,132,307,325,341,,http://force.nj.com/database/pd-dept/camden-camden
"Cape May &amp; Cape May Point &amp; West Cape May, Cape May",/database/pd-dept/cape-may-cape-may,373%,more likely,75%,more likely,1,15,16,22,,http://force.nj.com/database/pd-dept/cape-may-cape-may
"Carlstadt, Bergen",/database/pd-dept/carlstadt-bergen,N/A,Not found,36%,more likely,0,4,5,26,,http://force.nj.com/database/pd-dept/carlstadt-bergen
"Carney's Point, Salem",/database/pd-dept/carney-s-point-salem,238%,more likely,45%,more likely,1,13,14,17,,http://force.nj.com/database/pd-dept/carney-s-point-salem
"Carteret, Middlesex",/database/pd-dept/carteret-middlesex,103%,more likely,38%,more likely,5,34,36,55,,http://force.nj.com/database/pd-dept/carteret-middlesex
"Cedar Grove, Essex",/database/pd-dept/cedar-grove-essex,359%,more likely,14%,more likely,0,7,8,28,,http://force.nj.com/database/pd-dept/cedar-grove-essex
"Chatham Borough, Morris",/database/pd-dept/chatham-borough-morris,502%,more likely,78%,less likely,0,6,6,18,,http://force.nj.com/database/pd-dept/chatham-borough-morris
"Chatham Township, Morris",/database/pd-dept/chatham-township-morris,N/A,Not found,N/A,Not found,0,0,0,20,,http://force.nj.com/database/pd-dept/chatham-township-morris
"Cherry Hill, Camden",/database/pd-dept/cherry-hill-camden,464%,more likely,21%,more likely,3,79,80,134,,http://force.nj.com/database/pd-dept/cherry-hill-camden
"Chesilhurst, Camden",/database/pd-dept/chesilhurst-camden,N/A,Not found,N/A,Not found,0,2,2,8,,http://force.nj.com/database/pd-dept/chesilhurst-camden
"Chester Township &amp; Chester Borough, Morris",/database/pd-dept/chester-township-morris,N/A,Not found,N/A,Not found,0,4,5,23,,http://force.nj.com/database/pd-dept/chester-township-morris
"Chesterfield, Burlington",/database/pd-dept/chesterfield-burlington,N/A,Not found,N/A,Not found,0,2,2,10,,http://force.nj.com/database/pd-dept/chesterfield-burlington
"Cinnaminson, Burlington",/database/pd-dept/cinnaminson-burlington,568%,more likely,45%,less likely,1,15,15,24,,http://force.nj.com/database/pd-dept/cinnaminson-burlington
"Clark, Union",/database/pd-dept/clark-union,2046%,more likely,23%,less likely,1,20,21,40,,http://force.nj.com/database/pd-dept/clark-union
"Clayton, Gloucester",/database/pd-dept/clayton-gloucester,176%,more likely,12%,less likely,0,5,8,16,,http://force.nj.com/database/pd-dept/clayton-gloucester
"Clementon, Camden",/database/pd-dept/clementon-camden,148%,more likely,106%,more likely,0,3,4,12,,http://force.nj.com/database/pd-dept/clementon-camden
"Cliffside Park, Bergen",/database/pd-dept/cliffside-park-bergen,50%,less likely,49%,less likely,1,26,28,46,,http://force.nj.com/database/pd-dept/cliffside-park-bergen
"Clifton, Passaic",/database/pd-dept/clifton-passaic,118%,more likely,29%,more likely,10,74,76,144,,http://force.nj.com/database/pd-dept/clifton-passaic
"Clinton Township, Hunterdon",/database/pd-dept/clinton-township-hunterdon,52%,less likely,63%,less likely,0,10,10,22,,http://force.nj.com/database/pd-dept/clinton-township-hunterdon
"Closter, Bergen",/database/pd-dept/closter-bergen,N/A,Not found,12%,more likely,0,4,4,18,,http://force.nj.com/database/pd-dept/closter-bergen
"Collingswood, Camden",/database/pd-dept/collingswood-camden,257%,more likely,16%,less likely,0,9,9,22,,http://force.nj.com/database/pd-dept/collingswood-camden
"Colts Neck, Monmouth",/database/pd-dept/colts-neck-monmouth,N/A,Not found,N/A,Not found,0,2,2,20,,http://force.nj.com/database/pd-dept/colts-neck-monmouth
"Cranbury, Middlesex",/database/pd-dept/cranbury-middlesex,N/A,Not found,15%,more likely,0,7,7,16,,http://force.nj.com/database/pd-dept/cranbury-middlesex
"Cranford, Union",/database/pd-dept/cranford-union,1421%,more likely,14%,less likely,0,20,21,50,,http://force.nj.com/database/pd-dept/cranford-union
"Cresskill, Bergen",/database/pd-dept/cresskill-bergen,2255%,more likely,123%,more likely,0,7,7,22,,http://force.nj.com/database/pd-dept/cresskill-bergen
"Deal, Interlaken &amp; Loch Arbour Village, Monmouth",/database/pd-dept/deal-monmouth,3199%,more likely,33%,more likely,0,7,7,18,,http://force.nj.com/database/pd-dept/deal-monmouth
"Delanco, Burlington",/database/pd-dept/delanco-burlington,312%,more likely,34%,more likely,0,6,7,10,,http://force.nj.com/database/pd-dept/delanco-burlington
"Delaware, Hunterdon",/database/pd-dept/delaware-hunterdon,N/A,Not found,N/A,Not found,0,2,2,7,,http://force.nj.com/database/pd-dept/delaware-hunterdon
"Delran, Burlington",/database/pd-dept/delran-burlington,276%,more likely,25%,less likely,0,15,16,30,,http://force.nj.com/database/pd-dept/delran-burlington
"Demarest, Bergen",/database/pd-dept/demarest-bergen,N/A,Not found,N/A,Not found,0,1,1,12,,http://force.nj.com/database/pd-dept/demarest-bergen
"Denville, Morris",/database/pd-dept/denville-morris,237%,more likely,40%,less likely,0,8,8,31,,http://force.nj.com/database/pd-dept/denville-morris
"Deptford, Gloucester",/database/pd-dept/deptford-gloucester,181%,more likely,8%,less likely,6,28,35,63,,http://force.nj.com/database/pd-dept/deptford-gloucester
"Dover, Morris",/database/pd-dept/dover-morris,33%,less likely,1%,less likely,6,19,22,30,,http://force.nj.com/database/pd-dept/dover-morris
"Dumont, Bergen",/database/pd-dept/dumont-bergen,74%,more likely,28%,more likely,0,8,8,32,,http://force.nj.com/database/pd-dept/dumont-bergen
"Dunellen, Middlesex",/database/pd-dept/dunellen-middlesex,10%,more likely,31%,less likely,3,15,15,16,,http://force.nj.com/database/pd-dept/dunellen-middlesex
"East Brunswick, Middlesex",/database/pd-dept/east-brunswick-middlesex,308%,more likely,3%,more likely,2,45,45,83,,http://force.nj.com/database/pd-dept/east-brunswick-middlesex
"East Greenwich, Gloucester",/database/pd-dept/east-greenwich-gloucester,340%,more likely,39%,more likely,0,5,6,18,,http://force.nj.com/database/pd-dept/east-greenwich-gloucester
"East Hanover, Morris",/database/pd-dept/east-hanover-morris,N/A,Not found,54%,less likely,0,4,5,33,,http://force.nj.com/database/pd-dept/east-hanover-morris
"East Newark, Hudson",/database/pd-dept/east-newark-hudson,N/A,Not found,N/A,Not found,0,1,2,8,,http://force.nj.com/database/pd-dept/east-newark-hudson
"East Orange, Essex",/database/pd-dept/east-orange-essex,238%,more likely,454%,more likely,13,113,114,213,,http://force.nj.com/database/pd-dept/east-orange-essex
"East Rutherford, Bergen",/database/pd-dept/east-rutherford-bergen,113%,more likely,39%,more likely,0,9,9,38,,http://force.nj.com/database/pd-dept/east-rutherford-bergen
"East Windsor, Mercer",/database/pd-dept/east-windsor-mercer,125%,more likely,46%,more likely,2,17,18,44,,http://force.nj.com/database/pd-dept/east-windsor-mercer
"Eastampton, Burlington",/database/pd-dept/eastampton-burlington,N/A,Not found,N/A,Not found,0,4,4,14,,http://force.nj.com/database/pd-dept/eastampton-burlington
"Eatontown, Monmouth",/database/pd-dept/eatontown-monmouth,482%,more likely,2%,less likely,4,18,21,36,,http://force.nj.com/database/pd-dept/eatontown-monmouth
"Edgewater Park, Burlington",/database/pd-dept/edgewater-park-burlington,107%,more likely,3%,less likely,0,11,11,12,,http://force.nj.com/database/pd-dept/edgewater-park-burlington
"Edgewater, Bergen",/database/pd-dept/edgewater-bergen,4%,less likely,25%,less likely,1,14,14,28,,http://force.nj.com/database/pd-dept/edgewater-bergen
"Edison, Middlesex",/database/pd-dept/edison-middlesex,161%,more likely,5%,less likely,6,91,93,172,,http://force.nj.com/database/pd-dept/edison-middlesex
"Egg Harbor City, Atlantic",/database/pd-dept/egg-harbor-city-atlantic,239%,more likely,154%,more likely,0,9,12,12,,http://force.nj.com/database/pd-dept/egg-harbor-city-atlantic
"Egg Harbor Township, Atlantic",/database/pd-dept/egg-harbor-township-atlantic,390%,more likely,34%,more likely,4,57,60,84,,http://force.nj.com/database/pd-dept/egg-harbor-township-atlantic
"Elizabeth, Union",/database/pd-dept/elizabeth-union,76%,more likely,71%,more likely,49,155,185,310,,http://force.nj.com/database/pd-dept/elizabeth-union
"Elk, Gloucester",/database/pd-dept/elk-gloucester,N/A,Not found,N/A,Not found,0,1,3,12,,http://force.nj.com/database/pd-dept/elk-gloucester
"Elmwood Park, Bergen",/database/pd-dept/elmwood-park-bergen,341%,more likely,111%,more likely,0,21,21,38,,http://force.nj.com/database/pd-dept/elmwood-park-bergen
"Emerson, Bergen",/database/pd-dept/emerson-bergen,N/A,Not found,N/A,Not found,0,0,0,19,,http://force.nj.com/database/pd-dept/emerson-bergen
"Englewood Cliffs, Bergen",/database/pd-dept/englewood-cliffs-bergen,N/A,Not found,739%,more likely,0,9,9,26,,http://force.nj.com/database/pd-dept/englewood-cliffs-bergen
"Englewood, Bergen",/database/pd-dept/englewood-bergen,187%,more likely,28%,more likely,0,29,30,79,,http://force.nj.com/database/pd-dept/englewood-bergen
"Englishtown, Monmouth",/database/pd-dept/englishtown-monmouth,430%,more likely,27%,less likely,0,4,4,8,,http://force.nj.com/database/pd-dept/englishtown-monmouth
"Essex Fells, Essex",/database/pd-dept/essex-fells-essex,N/A,Not found,N/A,Not found,0,1,1,12,,http://force.nj.com/database/pd-dept/essex-fells-essex
"Evesham, Burlington",/database/pd-dept/evesham-burlington,239%,more likely,24%,less likely,14,56,56,72,,http://force.nj.com/database/pd-dept/evesham-burlington
"Ewing, Mercer",/database/pd-dept/ewing-mercer,371%,more likely,12%,more likely,4,45,48,72,,http://force.nj.com/database/pd-dept/ewing-mercer
"Fair Haven, Monmouth",/database/pd-dept/fair-haven-monmouth,N/A,Not found,N/A,Not found,0,6,7,13,,http://force.nj.com/database/pd-dept/fair-haven-monmouth
"Fairfield, Essex",/database/pd-dept/fairfield-essex,N/A,Not found,57%,less likely,0,20,21,35,,http://force.nj.com/database/pd-dept/fairfield-essex
"Fairlawn, Bergen",/database/pd-dept/fairlawn-bergen,498%,more likely,30%,less likely,0,18,19,57,,http://force.nj.com/database/pd-dept/fairlawn-bergen
"Fairview, Bergen",/database/pd-dept/fairview-bergen,72%,less likely,42%,less likely,0,10,11,31,,http://force.nj.com/database/pd-dept/fairview-bergen
"Fanwood, Union",/database/pd-dept/fanwood-union,390%,more likely,13%,less likely,0,5,5,17,,http://force.nj.com/database/pd-dept/fanwood-union
"Far Hills, Somerset",/database/pd-dept/far-hills-somerset,N/A,Not found,N/A,Not found,0,1,1,6,,http://force.nj.com/database/pd-dept/far-hills-somerset
"Flemington, Hunterdon",/database/pd-dept/flemington-hunterdon,223%,more likely,2%,more likely,0,9,9,14,,http://force.nj.com/database/pd-dept/flemington-hunterdon
"Florence, Burlington",/database/pd-dept/florence-burlington,324%,more likely,17%,less likely,0,8,9,24,,http://force.nj.com/database/pd-dept/florence-burlington
"Florham Park, Morris",/database/pd-dept/florham-park-morris,273%,more likely,43%,less likely,0,8,8,32,,http://force.nj.com/database/pd-dept/florham-park-morris
"Fort Lee, Bergen",/database/pd-dept/fort-lee-bergen,307%,more likely,5%,less likely,2,42,43,88,,http://force.nj.com/database/pd-dept/fort-lee-bergen
"Franklin, Sussex",/database/pd-dept/franklin-sussex,15%,less likely,28%,less likely,0,9,9,14,,http://force.nj.com/database/pd-dept/franklin-sussex
"Franklin Lakes, Bergen",/database/pd-dept/franklin-lakes-bergen,N/A,Not found,123%,more likely,0,6,6,22,,http://force.nj.com/database/pd-dept/franklin-lakes-bergen
"Franklin, Gloucester",/database/pd-dept/franklin-gloucester,20%,more likely,56%,less likely,1,17,17,26,,http://force.nj.com/database/pd-dept/franklin-gloucester
"Franklin, Somerset",/database/pd-dept/franklin-somerset,202%,more likely,9%,more likely,1,45,49,103,,http://force.nj.com/database/pd-dept/franklin-somerset
"Freehold Borough, Monmouth",/database/pd-dept/freehold-borough-monmouth,110%,more likely,44%,more likely,1,12,17,28,,http://force.nj.com/database/pd-dept/freehold-borough-monmouth
"Freehold Township, Monmouth",/database/pd-dept/freehold-township-monmouth,454%,more likely,89%,more likely,0,23,25,63,,http://force.nj.com/database/pd-dept/freehold-township-monmouth
"Frenchtown, Hunterdon",/database/pd-dept/frenchtown-hunterdon,N/A,Not found,N/A,Not found,0,2,2,3,,http://force.nj.com/database/pd-dept/frenchtown-hunterdon
"Galloway, Atlantic",/database/pd-dept/galloway-atlantic,173%,more likely,19%,more likely,4,43,43,58,,http://force.nj.com/database/pd-dept/galloway-atlantic
"Garfield, Bergen",/database/pd-dept/garfield-bergen,95%,more likely,24%,less likely,2,28,29,62,,http://force.nj.com/database/pd-dept/garfield-bergen
"Garwood, Union",/database/pd-dept/garwood-union,N/A,Not found,92%,more likely,0,6,6,16,,http://force.nj.com/database/pd-dept/garwood-union
"Gibbsboro, Camden",/database/pd-dept/gibbsboro-camden,N/A,Not found,1%,more likely,0,5,6,8,,http://force.nj.com/database/pd-dept/gibbsboro-camden
"Glassboro, Gloucester",/database/pd-dept/glassboro-gloucester,354%,more likely,77%,more likely,25,40,41,45,,http://force.nj.com/database/pd-dept/glassboro-gloucester
"Glen Ridge, Essex",/database/pd-dept/glen-ridge-essex,2498%,more likely,67%,more likely,0,8,8,22,,http://force.nj.com/database/pd-dept/glen-ridge-essex
"Glen Rock, Bergen",/database/pd-dept/glen-rock-bergen,N/A,Not found,31%,less likely,0,11,11,22,,http://force.nj.com/database/pd-dept/glen-rock-bergen
"Gloucester City, Camden",/database/pd-dept/gloucester-city-camden,449%,more likely,137%,more likely,4,14,18,28,,http://force.nj.com/database/pd-dept/gloucester-city-camden
"Gloucester Township, Camden",/database/pd-dept/gloucester-township-camden,270%,more likely,25%,more likely,23,71,76,119,,http://force.nj.com/database/pd-dept/gloucester-township-camden
"Green Brook, Somerset",/database/pd-dept/green-brook-somerset,293%,more likely,32%,less likely,1,11,11,22,,http://force.nj.com/database/pd-dept/green-brook-somerset
"Greenwich, Gloucester",/database/pd-dept/greenwich-gloucester,501%,more likely,4%,less likely,0,8,8,18,,http://force.nj.com/database/pd-dept/greenwich-gloucester
"Greenwich, Warren",/database/pd-dept/greenwich-warren,N/A,Not found,N/A,Not found,0,0,1,10,,http://force.nj.com/database/pd-dept/greenwich-warren
"Guttenberg, Hudson",/database/pd-dept/guttenberg-hudson,92%,less likely,10%,less likely,1,11,12,24,,http://force.nj.com/database/pd-dept/guttenberg-hudson
"Hackensack, Bergen",/database/pd-dept/hackensack-bergen,189%,more likely,216%,more likely,3,65,68,116,,http://force.nj.com/database/pd-dept/hackensack-bergen
"Hackettstown, Warren",/database/pd-dept/hackettstown-warren,N/A,Not found,N/A,Not found,0,5,5,17,,http://force.nj.com/database/pd-dept/hackettstown-warren
"Haddon Heights, Camden",/database/pd-dept/haddon-heights-camden,N/A,Not found,18%,less likely,0,2,3,15,,http://force.nj.com/database/pd-dept/haddon-heights-camden
"Haddon &amp; Audubon Park, Camden",/database/pd-dept/haddon-camden,2052%,more likely,59%,more likely,0,10,10,26,,http://force.nj.com/database/pd-dept/haddon-camden
"Haddonfield &amp; Tavistock, Camden",/database/pd-dept/haddonfield-camden,N/A,Not found,191%,more likely,0,3,3,21,,http://force.nj.com/database/pd-dept/haddonfield-camden
"Haledon, Passaic",/database/pd-dept/haledon-passaic,869%,more likely,242%,more likely,5,15,15,17,,http://force.nj.com/database/pd-dept/haledon-passaic
"Hamburg, Sussex",/database/pd-dept/hamburg-sussex,N/A,Not found,32%,less likely,0,6,6,6,,http://force.nj.com/database/pd-dept/hamburg-sussex
"Hamilton, Atlantic",/database/pd-dept/hamilton-atlantic,100%,more likely,11%,less likely,6,29,34,50,,http://force.nj.com/database/pd-dept/hamilton-atlantic
"Hamilton, Mercer",/database/pd-dept/hamilton-mercer,304%,more likely,23%,more likely,16,105,109,168,,http://force.nj.com/database/pd-dept/hamilton-mercer
"Hammonton, Atlantic",/database/pd-dept/hammonton-atlantic,9%,more likely,40%,less likely,0,16,16,29,,http://force.nj.com/database/pd-dept/hammonton-atlantic
"Hanover, Morris",/database/pd-dept/hanover-morris,4005%,more likely,38%,more likely,1,11,11,29,,http://force.nj.com/database/pd-dept/hanover-morris
"Harding, Morris",/database/pd-dept/harding-morris,N/A,Not found,109%,more likely,0,3,3,10,,http://force.nj.com/database/pd-dept/harding-morris
"Hardyston, Sussex",/database/pd-dept/hardyston-sussex,N/A,Not found,16%,less likely,0,2,2,18,,http://force.nj.com/database/pd-dept/hardyston-sussex
"Harrington Park, Bergen",/database/pd-dept/harrington-park-bergen,N/A,Not found,N/A,Not found,0,0,0,11,,http://force.nj.com/database/pd-dept/harrington-park-bergen
"Harrison, Gloucester",/database/pd-dept/harrison-gloucester,N/A,Not found,101%,more likely,0,6,7,17,,http://force.nj.com/database/pd-dept/harrison-gloucester
"Harrison, Hudson",/database/pd-dept/harrison-hudson,23%,more likely,65%,less likely,0,21,21,36,,http://force.nj.com/database/pd-dept/harrison-hudson
"Harvey Cedars, Ocean",/database/pd-dept/harvey-cedars-ocean,N/A,Not found,511%,more likely,0,2,2,8,,http://force.nj.com/database/pd-dept/harvey-cedars-ocean
"Hasbrouck Heights, Bergen",/database/pd-dept/hasbrouck-heights-bergen,556%,more likely,17%,less likely,0,9,10,29,,http://force.nj.com/database/pd-dept/hasbrouck-heights-bergen
"Haworth, Bergen",/database/pd-dept/haworth-bergen,N/A,Not found,N/A,Not found,0,2,2,11,,http://force.nj.com/database/pd-dept/haworth-bergen
"Hawthorne, Passaic",/database/pd-dept/hawthorne-passaic,211%,more likely,39%,less likely,2,11,11,30,,http://force.nj.com/database/pd-dept/hawthorne-passaic
"Hazlet, Monmouth",/database/pd-dept/hazlet-monmouth,73%,more likely,47%,less likely,0,12,13,39,,http://force.nj.com/database/pd-dept/hazlet-monmouth
"Helmetta, Middlesex",/database/pd-dept/helmetta-middlesex,N/A,Not found,26%,more likely,1,2,2,6,,http://force.nj.com/database/pd-dept/helmetta-middlesex
"High Bridge, Hunterdon",/database/pd-dept/high-bridge-hunterdon,N/A,Not found,38%,more likely,0,4,4,6,,http://force.nj.com/database/pd-dept/high-bridge-hunterdon
"Highland Park, Middlesex",/database/pd-dept/highland-park-middlesex,1033%,more likely,51%,more likely,0,9,10,27,,http://force.nj.com/database/pd-dept/highland-park-middlesex
"Highlands, Monmouth",/database/pd-dept/highlands-monmouth,163%,more likely,52%,less likely,0,8,8,14,,http://force.nj.com/database/pd-dept/highlands-monmouth
"Hightstown, Mercer",/database/pd-dept/hightstown-mercer,102%,more likely,30%,less likely,1,8,8,13,,http://force.nj.com/database/pd-dept/hightstown-mercer
"Hillsborough, Somerset",/database/pd-dept/hillsborough-somerset,143%,more likely,10%,less likely,0,22,24,51,,http://force.nj.com/database/pd-dept/hillsborough-somerset
"Hillsdale, Bergen",/database/pd-dept/hillsdale-bergen,N/A,Not found,304%,more likely,0,6,6,18,,http://force.nj.com/database/pd-dept/hillsdale-bergen
"Hillside, Union",/database/pd-dept/hillside-union,75%,more likely,74%,more likely,3,29,29,64,,http://force.nj.com/database/pd-dept/hillside-union
"Ho-Ho-Kus, Bergen",/database/pd-dept/ho-ho-kus-bergen,N/A,Not found,10%,more likely,0,3,3,16,,http://force.nj.com/database/pd-dept/ho-ho-kus-bergen
"Hoboken, Hudson",/database/pd-dept/hoboken-hudson,1543%,more likely,23%,more likely,15,95,97,127,,http://force.nj.com/database/pd-dept/hoboken-hudson
"Holmdel, Monmouth",/database/pd-dept/holmdel-monmouth,349%,more likely,64%,less likely,0,11,11,38,,http://force.nj.com/database/pd-dept/holmdel-monmouth
"Hopatcong, Sussex",/database/pd-dept/hopatcong-sussex,375%,more likely,78%,more likely,3,18,18,24,,http://force.nj.com/database/pd-dept/hopatcong-sussex
"Hopewell Township &amp; Hopewell Borough, Mercer",/database/pd-dept/hopewell-township-mercer,69%,more likely,57%,less likely,0,16,16,30,,http://force.nj.com/database/pd-dept/hopewell-township-mercer
"Howell, Monmouth",/database/pd-dept/howell-monmouth,396%,more likely,9%,more likely,9,44,45,84,,http://force.nj.com/database/pd-dept/howell-monmouth
"Independence, Warren",/database/pd-dept/independence-warren,N/A,Not found,N/A,Not found,0,3,3,8,,http://force.nj.com/database/pd-dept/independence-warren
"Irvington, Essex",/database/pd-dept/irvington-essex,27%,less likely,46%,more likely,8,97,107,153,,http://force.nj.com/database/pd-dept/irvington-essex
"Island Heights, Ocean",/database/pd-dept/island-heights-ocean,N/A,Not found,N/A,Not found,0,1,1,5,,http://force.nj.com/database/pd-dept/island-heights-ocean
"Jackson, Ocean",/database/pd-dept/jackson-ocean,180%,more likely,13%,less likely,5,58,58,82,,http://force.nj.com/database/pd-dept/jackson-ocean
"Jamesburg, Middlesex",/database/pd-dept/jamesburg-middlesex,15%,less likely,43%,less likely,0,7,8,13,,http://force.nj.com/database/pd-dept/jamesburg-middlesex
"Jefferson, Morris",/database/pd-dept/jefferson-morris,270%,more likely,12%,less likely,0,19,21,36,,http://force.nj.com/database/pd-dept/jefferson-morris
"Jersey City, Hudson",/database/pd-dept/jersey-city-hudson,489%,more likely,192%,more likely,13,249,257,832,,http://force.nj.com/database/pd-dept/jersey-city-hudson
"Keansburg, Monmouth",/database/pd-dept/keansburg-monmouth,306%,more likely,90%,more likely,1,16,21,32,,http://force.nj.com/database/pd-dept/keansburg-monmouth
"Kearny, Hudson",/database/pd-dept/kearny-hudson,151%,more likely,7%,less likely,0,27,40,104,,http://force.nj.com/database/pd-dept/kearny-hudson
"Kenilworth, Union",/database/pd-dept/kenilworth-union,221%,more likely,22%,more likely,0,5,6,24,,http://force.nj.com/database/pd-dept/kenilworth-union
"Keyport, Monmouth",/database/pd-dept/keyport-monmouth,N/A,Not found,67%,less likely,0,5,5,16,,http://force.nj.com/database/pd-dept/keyport-monmouth
"Kinnelon, Morris",/database/pd-dept/kinnelon-morris,N/A,Not found,130%,more likely,0,4,4,16,,http://force.nj.com/database/pd-dept/kinnelon-morris
"Lacey, Ocean",/database/pd-dept/lacey-ocean,1439%,more likely,105%,more likely,5,26,27,42,,http://force.nj.com/database/pd-dept/lacey-ocean
"Lake Como, Monmouth",/database/pd-dept/lake-como-monmouth,340%,more likely,182%,more likely,3,8,9,5,,http://force.nj.com/database/pd-dept/lake-como-monmouth
"Lakehurst, Ocean",/database/pd-dept/lakehurst-ocean,575%,more likely,211%,more likely,0,7,8,10,,http://force.nj.com/database/pd-dept/lakehurst-ocean
"Lakewood, Ocean",/database/pd-dept/lakewood-ocean,2104%,more likely,138%,more likely,26,75,81,119,,http://force.nj.com/database/pd-dept/lakewood-ocean
"Lambertville, Hunterdon",/database/pd-dept/lambertville-hunterdon,N/A,Not found,N/A,Not found,0,4,4,10,,http://force.nj.com/database/pd-dept/lambertville-hunterdon
"Laurel Springs, Camden",/database/pd-dept/laurel-springs-camden,N/A,Not found,N/A,Not found,0,1,2,7,,http://force.nj.com/database/pd-dept/laurel-springs-camden
"Lavallette, Ocean",/database/pd-dept/lavallette-ocean,N/A,Not found,94%,more likely,0,5,5,12,,http://force.nj.com/database/pd-dept/lavallette-ocean
"Lawrence, Mercer",/database/pd-dept/lawrence-mercer,521%,more likely,38%,less likely,10,46,49,58,,http://force.nj.com/database/pd-dept/lawrence-mercer
"Lebanon Township, Hunterdon",/database/pd-dept/lebanon-hunterdon,N/A,Not found,N/A,Not found,0,1,1,8,,http://force.nj.com/database/pd-dept/lebanon-hunterdon
"Leonia, Bergen",/database/pd-dept/leonia-bergen,N/A,Not found,224%,more likely,0,5,5,17,,http://force.nj.com/database/pd-dept/leonia-bergen
"Lincoln Park, Morris",/database/pd-dept/lincoln-park-morris,N/A,Not found,N/A,Not found,0,8,8,23,,http://force.nj.com/database/pd-dept/lincoln-park-morris
"Linden, Union",/database/pd-dept/linden-union,64%,more likely,38%,more likely,6,42,46,126,,http://force.nj.com/database/pd-dept/linden-union
"Lindenwold, Camden",/database/pd-dept/lindenwold-camden,70%,more likely,37%,more likely,15,34,36,38,,http://force.nj.com/database/pd-dept/lindenwold-camden
"Linwood, Atlantic",/database/pd-dept/linwood-atlantic,882%,more likely,24%,less likely,0,6,6,16,,http://force.nj.com/database/pd-dept/linwood-atlantic
"Little Egg Harbor, Ocean",/database/pd-dept/little-egg-harbor-ocean,4500%,more likely,31%,more likely,5,32,32,41,,http://force.nj.com/database/pd-dept/little-egg-harbor-ocean
"Little Falls, Passaic",/database/pd-dept/little-falls-passaic,131%,more likely,2%,less likely,1,9,9,25,,http://force.nj.com/database/pd-dept/little-falls-passaic
"Little Ferry, Bergen",/database/pd-dept/little-ferry-bergen,357%,more likely,103%,more likely,0,10,10,25,,http://force.nj.com/database/pd-dept/little-ferry-bergen
"Little Silver, Monmouth",/database/pd-dept/little-silver-monmouth,N/A,Not found,19%,less likely,0,5,5,16,,http://force.nj.com/database/pd-dept/little-silver-monmouth
"Livingston, Essex",/database/pd-dept/livingston-essex,3424%,more likely,31%,less likely,2,21,22,68,,http://force.nj.com/database/pd-dept/livingston-essex
"Lodi, Bergen",/database/pd-dept/lodi-bergen,22%,less likely,42%,less likely,1,21,24,42,,http://force.nj.com/database/pd-dept/lodi-bergen
"Logan, Gloucester",/database/pd-dept/logan-gloucester,201%,more likely,Not found,,0,6,9,18,Not found,http://force.nj.com/database/pd-dept/logan-gloucester
"Long Beach  &amp; Barnegat Light, Ocean",/database/pd-dept/long-beach-ocean,N/A,Not found,N/A,Not found,0,12,12,37,,http://force.nj.com/database/pd-dept/long-beach-ocean
"Long Branch, Monmouth",/database/pd-dept/long-branch-monmouth,152%,more likely,9%,more likely,16,69,75,80,,http://force.nj.com/database/pd-dept/long-branch-monmouth
"Long Hill, Morris",/database/pd-dept/long-hill-morris,N/A,Not found,N/A,Not found,0,3,3,23,,http://force.nj.com/database/pd-dept/long-hill-morris
"Longport, Atlantic",/database/pd-dept/longport-atlantic,N/A,Not found,N/A,Not found,0,2,3,12,,http://force.nj.com/database/pd-dept/longport-atlantic
"Lopatcong, Warren",/database/pd-dept/lopatcong-warren,N/A,Not found,274%,more likely,0,6,7,14,,http://force.nj.com/database/pd-dept/lopatcong-warren
"Lower Alloways Creek &amp; Elsinboro, Salem",/database/pd-dept/lower-alloways-creek-salem,N/A,Not found,N/A,Not found,0,2,2,11,,http://force.nj.com/database/pd-dept/lower-alloways-creek-salem
"Lower Township, Cape May",/database/pd-dept/lower-township-cape-may,163%,more likely,47%,less likely,1,28,30,42,,http://force.nj.com/database/pd-dept/lower-township-cape-may
"Lumberton, Burlington",/database/pd-dept/lumberton-burlington,533%,more likely,123%,more likely,1,11,11,16,,http://force.nj.com/database/pd-dept/lumberton-burlington
"Lyndhurst, Bergen",/database/pd-dept/lyndhurst-bergen,857%,more likely,48%,more likely,1,19,20,49,,http://force.nj.com/database/pd-dept/lyndhurst-bergen
"Madison, Morris",/database/pd-dept/madison-morris,199%,more likely,9%,less likely,1,10,11,27,,http://force.nj.com/database/pd-dept/madison-morris
"Magnolia, Camden",/database/pd-dept/magnolia-camden,138%,more likely,4%,less likely,0,4,5,11,,http://force.nj.com/database/pd-dept/magnolia-camden
"Mahwah, Bergen",/database/pd-dept/mahwah-bergen,615%,more likely,91%,more likely,0,18,19,52,,http://force.nj.com/database/pd-dept/mahwah-bergen
"Manalapan, Monmouth",/database/pd-dept/manalapan-monmouth,627%,more likely,35%,less likely,0,9,10,53,,http://force.nj.com/database/pd-dept/manalapan-monmouth
"Manasquan, Monmouth",/database/pd-dept/manasquan-monmouth,556%,more likely,62%,more likely,3,21,21,16,,http://force.nj.com/database/pd-dept/manasquan-monmouth
"Manchester, Ocean",/database/pd-dept/manchester-ocean,153%,more likely,12%,less likely,5,47,48,66,,http://force.nj.com/database/pd-dept/manchester-ocean
"Mansfield, Burlington",/database/pd-dept/mansfield-burlington,N/A,Not found,N/A,Not found,0,2,2,12,,http://force.nj.com/database/pd-dept/mansfield-burlington
"Mansfield, Warren",/database/pd-dept/mansfield-warren,18%,more likely,41%,less likely,0,10,10,13,,http://force.nj.com/database/pd-dept/mansfield-warren
"Mantoloking, Ocean",/database/pd-dept/mantoloking-ocean,N/A,Not found,N/A,Not found,0,0,0,8,,http://force.nj.com/database/pd-dept/mantoloking-ocean
"Mantua, Gloucester",/database/pd-dept/mantua-gloucester,357%,more likely,22%,less likely,2,16,16,26,,http://force.nj.com/database/pd-dept/mantua-gloucester
"Manville, Somerset",/database/pd-dept/manville-somerset,916%,more likely,102%,more likely,0,14,14,22,,http://force.nj.com/database/pd-dept/manville-somerset
"Maple Shade, Burlington",/database/pd-dept/maple-shade-burlington,194%,more likely,4%,less likely,2,23,23,33,,http://force.nj.com/database/pd-dept/maple-shade-burlington
"Maplewood, Essex",/database/pd-dept/maplewood-essex,368%,more likely,7%,more likely,7,38,39,61,,http://force.nj.com/database/pd-dept/maplewood-essex
"Margate, Atlantic",/database/pd-dept/margate-atlantic,N/A,Not found,19%,more likely,0,10,10,28,,http://force.nj.com/database/pd-dept/margate-atlantic
"Marlboro, Monmouth",/database/pd-dept/marlboro-monmouth,451%,more likely,Not found,,1,16,17,70,Not found,http://force.nj.com/database/pd-dept/marlboro-monmouth
"Matawan, Monmouth",/database/pd-dept/matawan-monmouth,160%,more likely,6%,more likely,2,8,8,21,,http://force.nj.com/database/pd-dept/matawan-monmouth
"Maywood, Bergen",/database/pd-dept/maywood-bergen,449%,more likely,19%,less likely,0,10,10,22,,http://force.nj.com/database/pd-dept/maywood-bergen
"Medford Lakes, Burlington",/database/pd-dept/medford-lakes-burlington,N/A,Not found,N/A,Not found,0,0,0,8,,http://force.nj.com/database/pd-dept/medford-lakes-burlington
"Medford, Burlington",/database/pd-dept/medford-burlington,297%,more likely,16%,less likely,0,14,15,29,,http://force.nj.com/database/pd-dept/medford-burlington
"Mendham Borough, Morris",/database/pd-dept/mendham-borough-morris,N/A,Not found,13%,more likely,0,0,0,11,,http://force.nj.com/database/pd-dept/mendham-borough-morris
"Mendham Township, Morris",/database/pd-dept/mendham-township-morris,N/A,Not found,127%,more likely,0,2,2,14,,http://force.nj.com/database/pd-dept/mendham-township-morris
"Merchantville, Camden",/database/pd-dept/merchantville-camden,N/A,Not found,17%,more likely,0,4,4,13,,http://force.nj.com/database/pd-dept/merchantville-camden
"Metuchen, Middlesex",/database/pd-dept/metuchen-middlesex,275%,more likely,34%,less likely,0,10,10,28,,http://force.nj.com/database/pd-dept/metuchen-middlesex
"Middle, Cape May",/database/pd-dept/middle-cape-may,223%,more likely,99%,more likely,3,33,33,48,,http://force.nj.com/database/pd-dept/middle-cape-may
"Middlesex, Middlesex",/database/pd-dept/middlesex-middlesex,8%,more likely,46%,less likely,0,10,14,28,,http://force.nj.com/database/pd-dept/middlesex-middlesex
"Middletown, Monmouth",/database/pd-dept/middletown-monmouth,1021%,more likely,56%,more likely,3,55,56,108,,http://force.nj.com/database/pd-dept/middletown-monmouth
"Midland Park, Bergen",/database/pd-dept/midland-park-bergen,N/A,Not found,N/A,Not found,0,3,3,14,,http://force.nj.com/database/pd-dept/midland-park-bergen
"Millburn, Essex",/database/pd-dept/millburn-essex,N/A,Not found,76%,more likely,0,6,8,53,,http://force.nj.com/database/pd-dept/millburn-essex
"Milltown, Middlesex",/database/pd-dept/milltown-middlesex,N/A,Not found,35%,more likely,0,5,6,15,,http://force.nj.com/database/pd-dept/milltown-middlesex
"Millville, Cumberland",/database/pd-dept/millville-cumberland,581%,more likely,138%,more likely,21,50,53,72,,http://force.nj.com/database/pd-dept/millville-cumberland
"Monmouth Beach, Monmouth",/database/pd-dept/monmouth-beach-monmouth,N/A,Not found,57%,less likely,0,7,8,9,,http://force.nj.com/database/pd-dept/monmouth-beach-monmouth
"Monroe, Gloucester",/database/pd-dept/monroe-gloucester,91%,more likely,1%,more likely,6,26,28,64,,http://force.nj.com/database/pd-dept/monroe-gloucester
"Monroe, Middlesex",/database/pd-dept/monroe-middlesex,22%,less likely,63%,less likely,0,24,24,54,,http://force.nj.com/database/pd-dept/monroe-middlesex
"Montclair, Essex",/database/pd-dept/montclair-essex,490%,more likely,15%,more likely,0,33,34,103,,http://force.nj.com/database/pd-dept/montclair-essex
"Montgomery, Somerset",/database/pd-dept/montgomery-somerset,N/A,Not found,N/A,Not found,0,0,1,28,,http://force.nj.com/database/pd-dept/montgomery-somerset
"Montvale, Bergen",/database/pd-dept/montvale-bergen,741%,more likely,60%,less likely,0,4,4,22,,http://force.nj.com/database/pd-dept/montvale-bergen
"Montville, Morris",/database/pd-dept/montville-morris,59%,more likely,76%,less likely,0,12,13,36,,http://force.nj.com/database/pd-dept/montville-morris
"Moonachie &amp; Teterboro, Bergen",/database/pd-dept/moonachie-bergen,N/A,Not found,N/A,Not found,0,3,3,17,,http://force.nj.com/database/pd-dept/moonachie-bergen
"Moorestown, Burlington",/database/pd-dept/moorestown-burlington,842%,more likely,6%,more likely,0,10,11,32,,http://force.nj.com/database/pd-dept/moorestown-burlington
"Morris Plains, Morris",/database/pd-dept/morris-plains-morris,N/A,Not found,10%,less likely,0,4,5,16,,http://force.nj.com/database/pd-dept/morris-plains-morris
"Morris Township, Morris",/database/pd-dept/morris-township-morris,429%,more likely,25%,less likely,1,10,11,42,,http://force.nj.com/database/pd-dept/morris-township-morris
"Morristown, Morris",/database/pd-dept/morristown-morris,112%,more likely,3%,more likely,4,32,37,54,,http://force.nj.com/database/pd-dept/morristown-morris
"Mount Arlington, Morris",/database/pd-dept/mount-arlington-morris,N/A,Not found,N/A,Not found,0,2,2,14,,http://force.nj.com/database/pd-dept/mount-arlington-morris
"Mount Ephraim, Camden",/database/pd-dept/mount-ephraim-camden,101%,more likely,60%,less likely,0,10,11,12,,http://force.nj.com/database/pd-dept/mount-ephraim-camden
"Mount Holly, Burlington",/database/pd-dept/mount-holly-burlington,408%,more likely,100%,more likely,8,24,24,20,,http://force.nj.com/database/pd-dept/mount-holly-burlington
"Mount Laurel, Burlington",/database/pd-dept/mount-laurel-burlington,392%,more likely,3%,more likely,0,28,28,60,,http://force.nj.com/database/pd-dept/mount-laurel-burlington
"Mount Olive, Morris",/database/pd-dept/mount-olive-morris,31%,less likely,56%,less likely,0,20,21,47,,http://force.nj.com/database/pd-dept/mount-olive-morris
"Mountain Lakes, Morris",/database/pd-dept/mountain-lakes-morris,N/A,Not found,N/A,Not found,0,0,0,13,,http://force.nj.com/database/pd-dept/mountain-lakes-morris
"Mountainside, Union",/database/pd-dept/mountainside-union,N/A,Not found,17%,more likely,0,5,7,22,,http://force.nj.com/database/pd-dept/mountainside-union
"Mullica, Atlantic",/database/pd-dept/mullica-atlantic,N/A,Not found,11%,more likely,0,4,4,12,,http://force.nj.com/database/pd-dept/mullica-atlantic
"Neptune City, Monmouth",/database/pd-dept/neptune-city-monmouth,330%,more likely,28%,more likely,1,8,8,18,,http://force.nj.com/database/pd-dept/neptune-city-monmouth
"Neptune Township, Monmouth",/database/pd-dept/neptune-township-monmouth,295%,more likely,79%,more likely,14,52,53,73,,http://force.nj.com/database/pd-dept/neptune-township-monmouth
"Netcong, Morris",/database/pd-dept/netcong-morris,N/A,Not found,22%,less likely,0,8,8,9,,http://force.nj.com/database/pd-dept/netcong-morris
"New Brunswick, Middlesex",/database/pd-dept/new-brunswick-middlesex,268%,more likely,78%,more likely,18,73,90,142,,http://force.nj.com/database/pd-dept/new-brunswick-middlesex
"New Milford, Bergen",/database/pd-dept/new-milford-bergen,48%,less likely,64%,less likely,0,9,9,33,,http://force.nj.com/database/pd-dept/new-milford-bergen
"New Providence, Union",/database/pd-dept/new-providence-union,N/A,Not found,N/A,Not found,0,3,3,23,,http://force.nj.com/database/pd-dept/new-providence-union
"Newark, Essex",/database/pd-dept/newark-essex,133%,more likely,203%,more likely,49,374,432,"1,088",,http://force.nj.com/database/pd-dept/newark-essex
"Newfield, Gloucester",/database/pd-dept/newfield-gloucester,N/A,Not found,N/A,Not found,0,0,0,5,,http://force.nj.com/database/pd-dept/newfield-gloucester
"Newton, Sussex",/database/pd-dept/newton-sussex,221%,more likely,175%,more likely,2,15,15,22,,http://force.nj.com/database/pd-dept/newton-sussex
"North Arlington, Bergen",/database/pd-dept/north-arlington-bergen,126%,more likely,69%,less likely,0,12,15,27,,http://force.nj.com/database/pd-dept/north-arlington-bergen
"North Bergen, Hudson",/database/pd-dept/north-bergen-hudson,3%,more likely,92%,more likely,0,56,57,118,,http://force.nj.com/database/pd-dept/north-bergen-hudson
"North Brunswick, Middlesex",/database/pd-dept/north-brunswick-middlesex,206%,more likely,33%,more likely,0,23,28,78,,http://force.nj.com/database/pd-dept/north-brunswick-middlesex
"North Caldwell, Essex",/database/pd-dept/north-caldwell-essex,N/A,Not found,N/A,Not found,0,0,0,15,,http://force.nj.com/database/pd-dept/north-caldwell-essex
"North Haledon, Passaic",/database/pd-dept/north-haledon-passaic,N/A,Not found,114%,more likely,0,10,10,18,,http://force.nj.com/database/pd-dept/north-haledon-passaic
"North Hanover, Burlington",/database/pd-dept/north-hanover-burlington,0%,less likely,4%,less likely,0,1,2,10,,http://force.nj.com/database/pd-dept/north-hanover-burlington
"North Plainfield, Somerset",/database/pd-dept/north-plainfield-somerset,8%,more likely,18%,less likely,6,28,29,45,,http://force.nj.com/database/pd-dept/north-plainfield-somerset
"North Wildwood, Cape May",/database/pd-dept/north-wildwood-cape-may,179%,more likely,18%,less likely,3,42,42,26,,http://force.nj.com/database/pd-dept/north-wildwood-cape-may
"Northfield City, Atlantic",/database/pd-dept/northfield-atlantic,N/A,Not found,95%,more likely,0,3,4,21,,http://force.nj.com/database/pd-dept/northfield-atlantic
"Northvale &amp; Rockleigh Borough, Bergen",/database/pd-dept/northvale-bergen,N/A,Not found,N/A,Not found,0,1,1,13,,http://force.nj.com/database/pd-dept/northvale-bergen
"Norwood, Bergen",/database/pd-dept/norwood-bergen,N/A,Not found,N/A,Not found,0,0,0,14,,http://force.nj.com/database/pd-dept/norwood-bergen
"Nutley, Essex",/database/pd-dept/nutley-essex,603%,more likely,58%,more likely,2,34,36,68,,http://force.nj.com/database/pd-dept/nutley-essex
"Oakland, Bergen",/database/pd-dept/oakland-bergen,N/A,Not found,N/A,Not found,0,6,7,24,,http://force.nj.com/database/pd-dept/oakland-bergen
"Oaklyn, Camden",/database/pd-dept/oaklyn-camden,N/A,Not found,41%,more likely,0,6,6,14,,http://force.nj.com/database/pd-dept/oaklyn-camden
"Ocean City, Cape May",/database/pd-dept/ocean-city-cape-may,1289%,more likely,13%,more likely,0,28,28,59,,http://force.nj.com/database/pd-dept/ocean-city-cape-may
"Ocean Gate, Ocean",/database/pd-dept/ocean-gate-ocean,N/A,Not found,N/A,Not found,0,4,4,8,,http://force.nj.com/database/pd-dept/ocean-gate-ocean
"Oceanport, Monmouth",/database/pd-dept/oceanport-monmouth,1311%,more likely,20%,less likely,0,12,12,14,,http://force.nj.com/database/pd-dept/oceanport-monmouth
"Ocean Township, Monmouth",/database/pd-dept/ocean-township-monmouth,423%,more likely,29%,more likely,1,22,23,60,,http://force.nj.com/database/pd-dept/ocean-township-monmouth
"Ocean Township, Ocean",/database/pd-dept/ocean-township-ocean,7519%,more likely,9%,less likely,1,5,8,20,,http://force.nj.com/database/pd-dept/ocean-township-ocean
"Ogdensburg, Sussex",/database/pd-dept/ogdensburg-sussex,N/A,Not found,N/A,Not found,0,3,3,6,,http://force.nj.com/database/pd-dept/ogdensburg-sussex
"Old Bridge, Middlesex",/database/pd-dept/old-bridge-middlesex,201%,more likely,24%,more likely,0,13,15,87,,http://force.nj.com/database/pd-dept/old-bridge-middlesex
"Old Tappan, Bergen",/database/pd-dept/old-tappan-bergen,N/A,Not found,N/A,Not found,0,2,2,12,,http://force.nj.com/database/pd-dept/old-tappan-bergen
"Oradell, Bergen",/database/pd-dept/oradell-bergen,N/A,Not found,N/A,Not found,0,1,2,20,,http://force.nj.com/database/pd-dept/oradell-bergen
"Orange, Essex",/database/pd-dept/orange-essex,76%,less likely,38%,more likely,5,32,37,103,,http://force.nj.com/database/pd-dept/orange-essex
"Palisades Park, Bergen",/database/pd-dept/palisades-park-bergen,N/A,Not found,18%,more likely,0,10,11,32,,http://force.nj.com/database/pd-dept/palisades-park-bergen
"Palmyra, Burlington",/database/pd-dept/palmyra-burlington,210%,more likely,4%,less likely,0,7,7,17,,http://force.nj.com/database/pd-dept/palmyra-burlington
"Paramus, Bergen",/database/pd-dept/paramus-bergen,1530%,more likely,58%,more likely,6,29,38,82,,http://force.nj.com/database/pd-dept/paramus-bergen
"Park Ridge, Bergen",/database/pd-dept/park-ridge-bergen,26%,less likely,47%,less likely,0,5,5,18,,http://force.nj.com/database/pd-dept/park-ridge-bergen
"Parsippany-Troy, Morris",/database/pd-dept/parsippany-troy-morris,93%,more likely,9%,more likely,2,26,26,96,,http://force.nj.com/database/pd-dept/parsippany-troy-morris
"Passaic, Passaic",/database/pd-dept/passaic-passaic,67%,more likely,158%,more likely,13,84,88,150,,http://force.nj.com/database/pd-dept/passaic-passaic
"Paterson, Passaic",/database/pd-dept/paterson-passaic,78%,more likely,459%,more likely,35,233,252,377,,http://force.nj.com/database/pd-dept/paterson-passaic
"Paulsboro, Gloucester",/database/pd-dept/paulsboro-gloucester,210%,more likely,41%,more likely,3,22,24,17,,http://force.nj.com/database/pd-dept/paulsboro-gloucester
"Peapack-Gladstone, Somerset",/database/pd-dept/peapack-gladstone-somerset,N/A,Not found,N/A,Not found,0,1,1,8,,http://force.nj.com/database/pd-dept/peapack-gladstone-somerset
"Pemberton Borough, Burlington",/database/pd-dept/pemberton-borough-burlington,181%,more likely,26%,more likely,0,5,5,5,,http://force.nj.com/database/pd-dept/pemberton-borough-burlington
"Pemberton Township, Burlington",/database/pd-dept/pemberton-township-burlington,147%,more likely,8%,more likely,2,32,32,48,,http://force.nj.com/database/pd-dept/pemberton-township-burlington
"Pennington, Mercer",/database/pd-dept/pennington-mercer,N/A,Not found,N/A,Not found,0,0,0,4,,http://force.nj.com/database/pd-dept/pennington-mercer
"Penns Grove, Salem",/database/pd-dept/penns-grove-salem,173%,more likely,59%,more likely,3,7,8,14,,http://force.nj.com/database/pd-dept/penns-grove-salem
"Pennsauken, Camden",/database/pd-dept/pennsauken-camden,106%,more likely,71%,more likely,6,49,54,80,,http://force.nj.com/database/pd-dept/pennsauken-camden
"Pennsville, Salem",/database/pd-dept/pennsville-salem,1845%,more likely,19%,more likely,4,14,14,22,,http://force.nj.com/database/pd-dept/pennsville-salem
"Pequannock, Morris",/database/pd-dept/pequannock-morris,1673%,more likely,36%,more likely,0,7,7,31,,http://force.nj.com/database/pd-dept/pequannock-morris
"Perth Amboy, Middlesex",/database/pd-dept/perth-amboy-middlesex,65%,less likely,Not found,,30,75,78,115,Not found,http://force.nj.com/database/pd-dept/perth-amboy-middlesex
"Phillipsburg &amp; Alpha, Warren",/database/pd-dept/phillipsburg-warren,232%,more likely,40%,more likely,4,13,15,36,,http://force.nj.com/database/pd-dept/phillipsburg-warren
"Pine Beach, Ocean",/database/pd-dept/pine-beach-ocean,N/A,Not found,N/A,Not found,0,5,5,6,,http://force.nj.com/database/pd-dept/pine-beach-ocean
"Pine Hill, Camden",/database/pd-dept/pine-hill-camden,127%,more likely,25%,more likely,2,15,15,20,,http://force.nj.com/database/pd-dept/pine-hill-camden
"Piscataway, Middlesex",/database/pd-dept/piscataway-middlesex,22%,more likely,37%,less likely,0,13,16,84,,http://force.nj.com/database/pd-dept/piscataway-middlesex
"Pitman, Gloucester",/database/pd-dept/pitman-gloucester,706%,more likely,56%,more likely,0,5,6,16,,http://force.nj.com/database/pd-dept/pitman-gloucester
"Plainfield, Union",/database/pd-dept/plainfield-union,38%,less likely,66%,more likely,4,45,47,136,,http://force.nj.com/database/pd-dept/plainfield-union
"Plainsboro, Middlesex",/database/pd-dept/plainsboro-middlesex,178%,more likely,12%,less likely,0,23,23,34,,http://force.nj.com/database/pd-dept/plainsboro-middlesex
"Pleasantville, Atlantic",/database/pd-dept/pleasantville-atlantic,44%,less likely,32%,more likely,9,36,39,49,,http://force.nj.com/database/pd-dept/pleasantville-atlantic
"Plumsted, Ocean",/database/pd-dept/plumsted-ocean,N/A,Not found,89%,more likely,0,1,1,13,,http://force.nj.com/database/pd-dept/plumsted-ocean
"Pohatcong, Warren",/database/pd-dept/pohatcong-warren,N/A,Not found,153%,more likely,0,5,6,12,,http://force.nj.com/database/pd-dept/pohatcong-warren
"Point Pleasant Beach, Ocean",/database/pd-dept/point-pleasant-beach-ocean,2331%,more likely,10%,more likely,1,40,40,22,,http://force.nj.com/database/pd-dept/point-pleasant-beach-ocean
"Point Pleasant, Ocean",/database/pd-dept/point-pleasant-ocean,N/A,Not found,N/A,Not found,1,15,16,32,,http://force.nj.com/database/pd-dept/point-pleasant-ocean
"Pompton Lakes, Passaic",/database/pd-dept/pompton-lakes-passaic,29976%,more likely,385%,more likely,5,15,16,20,,http://force.nj.com/database/pd-dept/pompton-lakes-passaic
"Princeton &amp; Princeton Borough (2012 only), Mercer",/database/pd-dept/princeton-mercer,493%,more likely,57%,more likely,0,17,17,52,,http://force.nj.com/database/pd-dept/princeton-mercer
"Prospect Park, Passaic",/database/pd-dept/prospect-park-passaic,1%,less likely,162%,more likely,0,5,6,16,,http://force.nj.com/database/pd-dept/prospect-park-passaic
"Rahway, Union",/database/pd-dept/rahway-union,23%,more likely,3%,less likely,2,21,25,74,,http://force.nj.com/database/pd-dept/rahway-union
"Ramsey, Bergen",/database/pd-dept/ramsey-bergen,5987%,more likely,55%,less likely,1,17,17,32,,http://force.nj.com/database/pd-dept/ramsey-bergen
"Randolph, Morris",/database/pd-dept/randolph-morris,249%,more likely,27%,less likely,1,19,19,34,,http://force.nj.com/database/pd-dept/randolph-morris
"Raritan, Hunterdon",/database/pd-dept/raritan-hunterdon,775%,more likely,36%,more likely,0,8,8,32,,http://force.nj.com/database/pd-dept/raritan-hunterdon
"Raritan, Somerset",/database/pd-dept/raritan-somerset,1568%,more likely,83%,more likely,0,11,11,18,,http://force.nj.com/database/pd-dept/raritan-somerset
"Readington, Hunterdon",/database/pd-dept/readington-hunterdon,4444%,more likely,117%,more likely,0,5,5,22,,http://force.nj.com/database/pd-dept/readington-hunterdon
"Red Bank, Monmouth",/database/pd-dept/red-bank-monmouth,174%,more likely,79%,more likely,10,21,25,40,,http://force.nj.com/database/pd-dept/red-bank-monmouth
"Ridgefield Park, Bergen",/database/pd-dept/ridgefield-park-bergen,32%,less likely,40%,less likely,0,20,21,28,,http://force.nj.com/database/pd-dept/ridgefield-park-bergen
"Ridgefield, Bergen",/database/pd-dept/ridgefield-bergen,N/A,Not found,N/A,Not found,0,5,5,26,,http://force.nj.com/database/pd-dept/ridgefield-bergen
"Ridgewood, Bergen",/database/pd-dept/ridgewood-bergen,405%,more likely,35%,more likely,1,20,20,42,,http://force.nj.com/database/pd-dept/ridgewood-bergen
"Ringwood, Passaic",/database/pd-dept/ringwood-passaic,419%,more likely,66%,less likely,0,14,14,20,,http://force.nj.com/database/pd-dept/ringwood-passaic
"River Edge, Bergen",/database/pd-dept/river-edge-bergen,N/A,Not found,N/A,Not found,0,5,5,23,,http://force.nj.com/database/pd-dept/river-edge-bergen
"River Vale, Bergen",/database/pd-dept/river-vale-bergen,N/A,Not found,N/A,Not found,0,1,1,20,,http://force.nj.com/database/pd-dept/river-vale-bergen
"Riverdale, Morris",/database/pd-dept/riverdale-morris,N/A,Not found,32%,less likely,0,6,6,15,,http://force.nj.com/database/pd-dept/riverdale-morris
"Riverside, Burlington",/database/pd-dept/riverside-burlington,160%,more likely,53%,more likely,1,13,15,14,,http://force.nj.com/database/pd-dept/riverside-burlington
"Riverton, Burlington",/database/pd-dept/riverton-burlington,N/A,Not found,N/A,Not found,0,2,2,6,,http://force.nj.com/database/pd-dept/riverton-burlington
"Robbinsville, Mercer",/database/pd-dept/robbinsville-mercer,328%,more likely,31%,less likely,0,11,11,26,,http://force.nj.com/database/pd-dept/robbinsville-mercer
"Rochelle Park, Bergen",/database/pd-dept/rochelle-park-bergen,1975%,more likely,4%,less likely,1,8,9,20,,http://force.nj.com/database/pd-dept/rochelle-park-bergen
"Rockaway Borough, Morris",/database/pd-dept/rockaway-borough-morris,N/A,Not found,57%,more likely,0,2,2,14,,http://force.nj.com/database/pd-dept/rockaway-borough-morris
"Rockaway Township, Morris",/database/pd-dept/rockaway-township-morris,1077%,more likely,151%,more likely,0,10,10,52,,http://force.nj.com/database/pd-dept/rockaway-township-morris
"Roseland, Essex",/database/pd-dept/roseland-essex,N/A,Not found,N/A,Not found,0,3,3,24,,http://force.nj.com/database/pd-dept/roseland-essex
"Roselle Park, Union",/database/pd-dept/roselle-park-union,449%,more likely,25%,more likely,2,19,19,34,,http://force.nj.com/database/pd-dept/roselle-park-union
"Roselle, Union",/database/pd-dept/roselle-union,46%,less likely,12%,less likely,9,35,47,58,,http://force.nj.com/database/pd-dept/roselle-union
"Roxbury, Morris",/database/pd-dept/roxbury-morris,41%,less likely,65%,less likely,0,20,21,42,,http://force.nj.com/database/pd-dept/roxbury-morris
"Rumson, Monmouth",/database/pd-dept/rumson-monmouth,N/A,Not found,N/A,Not found,0,1,3,16,,http://force.nj.com/database/pd-dept/rumson-monmouth
"Runnemede, Camden",/database/pd-dept/runnemede-camden,N/A,Not found,N/A,Not found,0,0,0,16,,http://force.nj.com/database/pd-dept/runnemede-camden
"Rutherford, Bergen",/database/pd-dept/rutherford-bergen,636%,more likely,143%,more likely,0,14,14,36,,http://force.nj.com/database/pd-dept/rutherford-bergen
"Saddle Brook, Bergen",/database/pd-dept/saddle-brook-bergen,N/A,Not found,119%,more likely,0,3,4,28,,http://force.nj.com/database/pd-dept/saddle-brook-bergen
"Saddle River, Bergen",/database/pd-dept/saddle-river-bergen,N/A,Not found,N/A,Not found,0,0,0,16,,http://force.nj.com/database/pd-dept/saddle-river-bergen
"Salem City, Salem",/database/pd-dept/salem-city-salem,112%,more likely,Not found,,3,14,15,20,Not found,http://force.nj.com/database/pd-dept/salem-city-salem
"Sayreville, Middlesex",/database/pd-dept/sayreville-middlesex,32%,more likely,7%,less likely,0,34,40,85,,http://force.nj.com/database/pd-dept/sayreville-middlesex
"Scotch Plains, Union",/database/pd-dept/scotch-plains-union,276%,more likely,17%,less likely,0,13,15,44,,http://force.nj.com/database/pd-dept/scotch-plains-union
"Sea Bright, Monmouth",/database/pd-dept/sea-bright-monmouth,275%,more likely,184%,more likely,0,7,7,12,,http://force.nj.com/database/pd-dept/sea-bright-monmouth
"Sea Girt, Monmouth",/database/pd-dept/sea-girt-monmouth,497%,more likely,76%,more likely,0,6,9,11,,http://force.nj.com/database/pd-dept/sea-girt-monmouth
"Sea Isle City, Cape May",/database/pd-dept/sea-isle-city-cape-may,729%,more likely,49%,less likely,0,23,24,22,,http://force.nj.com/database/pd-dept/sea-isle-city-cape-may
"Seaside Heights, Ocean",/database/pd-dept/seaside-heights-ocean,772%,more likely,42%,more likely,4,28,46,24,,http://force.nj.com/database/pd-dept/seaside-heights-ocean
"Seaside Park, Ocean",/database/pd-dept/seaside-park-ocean,4364%,more likely,24%,less likely,0,6,9,13,,http://force.nj.com/database/pd-dept/seaside-park-ocean
"Secaucus, Hudson",/database/pd-dept/secaucus-hudson,305%,more likely,35%,more likely,1,41,41,60,,http://force.nj.com/database/pd-dept/secaucus-hudson
"Ship Bottom, Ocean",/database/pd-dept/ship-bottom-ocean,N/A,Not found,N/A,Not found,0,7,8,11,,http://force.nj.com/database/pd-dept/ship-bottom-ocean
"Shrewsbury, Monmouth",/database/pd-dept/shrewsbury-monmouth,9405%,more likely,59%,less likely,0,3,3,16,,http://force.nj.com/database/pd-dept/shrewsbury-monmouth
"Somerdale, Camden",/database/pd-dept/somerdale-camden,210%,more likely,81%,more likely,0,6,7,14,,http://force.nj.com/database/pd-dept/somerdale-camden
"Somers Point, Atlantic",/database/pd-dept/somers-point-atlantic,130%,more likely,10%,more likely,1,11,13,30,,http://force.nj.com/database/pd-dept/somers-point-atlantic
"Somerville, Somerset",/database/pd-dept/somerville-somerset,207%,more likely,17%,more likely,4,24,26,31,,http://force.nj.com/database/pd-dept/somerville-somerset
"South Amboy, Middlesex",/database/pd-dept/south-amboy-middlesex,824%,more likely,99%,more likely,0,16,18,24,,http://force.nj.com/database/pd-dept/south-amboy-middlesex
"South Bound Brook, Somerset",/database/pd-dept/south-bound-brook-somerset,204%,more likely,12%,less likely,0,6,10,12,,http://force.nj.com/database/pd-dept/south-bound-brook-somerset
"South Brunswick, Middlesex",/database/pd-dept/south-brunswick-middlesex,114%,more likely,19%,less likely,0,34,36,76,,http://force.nj.com/database/pd-dept/south-brunswick-middlesex
"South Hackensack, Bergen",/database/pd-dept/south-hackensack-bergen,N/A,Not found,95%,more likely,0,2,3,18,,http://force.nj.com/database/pd-dept/south-hackensack-bergen
"South Harrison, Gloucester",/database/pd-dept/south-harrison-gloucester,N/A,Not found,N/A,Not found,0,0,1,6,,http://force.nj.com/database/pd-dept/south-harrison-gloucester
"South Orange, Essex",/database/pd-dept/south-orange-essex,844%,more likely,88%,more likely,0,16,18,47,,http://force.nj.com/database/pd-dept/south-orange-essex
"South Plainfield, Middlesex",/database/pd-dept/south-plainfield-middlesex,321%,more likely,15%,more likely,0,20,22,52,,http://force.nj.com/database/pd-dept/south-plainfield-middlesex
"South River, Middlesex",/database/pd-dept/south-river-middlesex,161%,more likely,20%,less likely,5,19,19,32,,http://force.nj.com/database/pd-dept/south-river-middlesex
"South Toms River, Ocean",/database/pd-dept/south-toms-river-ocean,46%,more likely,10%,more likely,1,7,7,11,,http://force.nj.com/database/pd-dept/south-toms-river-ocean
"Sparta, Sussex",/database/pd-dept/sparta-sussex,30%,more likely,14%,less likely,0,10,10,30,,http://force.nj.com/database/pd-dept/sparta-sussex
"Spotswood, Middlesex",/database/pd-dept/spotswood-middlesex,79%,more likely,10%,less likely,1,7,8,20,,http://force.nj.com/database/pd-dept/spotswood-middlesex
"Spring Lake Borough, Monmouth",/database/pd-dept/spring-lake-borough-monmouth,N/A,Not found,N/A,Not found,0,6,6,13,,http://force.nj.com/database/pd-dept/spring-lake-borough-monmouth
"Spring Lake Heights, Monmouth",/database/pd-dept/spring-lake-heights-monmouth,N/A,Not found,N/A,Not found,0,2,2,12,,http://force.nj.com/database/pd-dept/spring-lake-heights-monmouth
"Springfield, Burlington",/database/pd-dept/springfield-burlington,N/A,Not found,N/A,Not found,0,0,0,8,,http://force.nj.com/database/pd-dept/springfield-burlington
"Springfield, Union",/database/pd-dept/springfield-union,467%,more likely,16%,less likely,0,10,10,42,,http://force.nj.com/database/pd-dept/springfield-union
"Stafford, Ocean",/database/pd-dept/stafford-ocean,49%,more likely,35%,less likely,1,28,28,50,,http://force.nj.com/database/pd-dept/stafford-ocean
"Stanhope, Sussex",/database/pd-dept/stanhope-sussex,20%,more likely,73%,less likely,1,6,6,9,,http://force.nj.com/database/pd-dept/stanhope-sussex
"Stone Harbor Borough, Cape May",/database/pd-dept/stone-harbor-borough-cape-may,243%,more likely,58%,more likely,0,12,12,16,,http://force.nj.com/database/pd-dept/stone-harbor-borough-cape-may
"Stratford, Camden",/database/pd-dept/stratford-camden,463%,more likely,25%,more likely,1,14,14,15,,http://force.nj.com/database/pd-dept/stratford-camden
"Summit, Union",/database/pd-dept/summit-union,1387%,more likely,93%,more likely,0,8,8,46,,http://force.nj.com/database/pd-dept/summit-union
"Surf City, Ocean",/database/pd-dept/surf-city-ocean,N/A,Not found,N/A,Not found,0,4,5,10,,http://force.nj.com/database/pd-dept/surf-city-ocean
"Teaneck, Bergen",/database/pd-dept/teaneck-bergen,119%,more likely,14%,more likely,3,42,42,92,,http://force.nj.com/database/pd-dept/teaneck-bergen
"Tenafly, Bergen",/database/pd-dept/tenafly-bergen,N/A,Not found,198%,more likely,0,8,8,34,,http://force.nj.com/database/pd-dept/tenafly-bergen
"Tinton Falls, Monmouth",/database/pd-dept/tinton-falls-monmouth,443%,more likely,16%,more likely,0,33,33,38,,http://force.nj.com/database/pd-dept/tinton-falls-monmouth
"Toms River, Ocean",/database/pd-dept/toms-river-ocean,482%,more likely,Not found,,25,118,121,155,Not found,http://force.nj.com/database/pd-dept/toms-river-ocean
"Totowa, Passaic",/database/pd-dept/totowa-passaic,N/A,Not found,N/A,Not found,0,1,1,28,,http://force.nj.com/database/pd-dept/totowa-passaic
"Clinton, Hunterdon",/database/pd-dept/clinton-hunterdon,N/A,Not found,N/A,Not found,0,0,0,10,,http://force.nj.com/database/pd-dept/clinton-hunterdon
"Trenton, Mercer",/database/pd-dept/trenton-mercer,42%,more likely,42%,more likely,29,138,167,221,,http://force.nj.com/database/pd-dept/trenton-mercer
"Tuckerton, Ocean",/database/pd-dept/tuckerton-ocean,229%,more likely,39%,more likely,0,5,5,10,,http://force.nj.com/database/pd-dept/tuckerton-ocean
"Union Beach, Monmouth",/database/pd-dept/union-beach-monmouth,15%,less likely,27%,less likely,0,4,10,14,,http://force.nj.com/database/pd-dept/union-beach-monmouth
"Union City, Hudson",/database/pd-dept/union-city-hudson,90%,less likely,38%,less likely,6,64,66,158,,http://force.nj.com/database/pd-dept/union-city-hudson
"Union Township, Union",/database/pd-dept/union-township-union,231%,more likely,37%,more likely,10,65,73,132,,http://force.nj.com/database/pd-dept/union-township-union
"Upper Saddle River, Bergen",/database/pd-dept/upper-saddle-river-bergen,N/A,Not found,30%,less likely,0,4,4,17,,http://force.nj.com/database/pd-dept/upper-saddle-river-bergen
"Ventnor City, Atlantic",/database/pd-dept/ventnor-city-atlantic,96%,more likely,46%,less likely,0,17,19,38,,http://force.nj.com/database/pd-dept/ventnor-city-atlantic
"Vernon, Sussex",/database/pd-dept/vernon-sussex,N/A,Not found,N/A,Not found,1,11,14,30,,http://force.nj.com/database/pd-dept/vernon-sussex
"Verona, Essex",/database/pd-dept/verona-essex,N/A,Not found,74%,less likely,0,6,7,28,,http://force.nj.com/database/pd-dept/verona-essex
"Vineland, Cumberland",/database/pd-dept/vineland-cumberland,98%,more likely,3%,more likely,56,102,103,138,,http://force.nj.com/database/pd-dept/vineland-cumberland
"Voorhees, Camden",/database/pd-dept/voorhees-camden,400%,more likely,56%,more likely,7,40,40,47,,http://force.nj.com/database/pd-dept/voorhees-camden
"Waldwick, Bergen",/database/pd-dept/waldwick-bergen,N/A,Not found,21%,more likely,0,7,8,19,,http://force.nj.com/database/pd-dept/waldwick-bergen
"Wall, Monmouth",/database/pd-dept/wall-monmouth,540%,more likely,Not found,,0,42,43,66,Not found,http://force.nj.com/database/pd-dept/wall-monmouth
"Wallington, Bergen",/database/pd-dept/wallington-bergen,N/A,Not found,N/A,Not found,0,1,1,21,,http://force.nj.com/database/pd-dept/wallington-bergen
"Wanaque, Passaic",/database/pd-dept/wanaque-passaic,N/A,Not found,273%,more likely,0,7,7,23,,http://force.nj.com/database/pd-dept/wanaque-passaic
"Warren Township, Somerset",/database/pd-dept/warren-township-somerset,441%,more likely,28%,less likely,0,8,9,28,,http://force.nj.com/database/pd-dept/warren-township-somerset
"Washington Township &amp; Washington Borough, Warren",/database/pd-dept/washington-township-warren,61%,more likely,49%,less likely,1,15,16,26,,http://force.nj.com/database/pd-dept/washington-township-warren
"Washington, Bergen",/database/pd-dept/washington-bergen,N/A,Not found,N/A,Not found,0,5,5,20,,http://force.nj.com/database/pd-dept/washington-bergen
"Washington, Gloucester",/database/pd-dept/washington-gloucester,255%,more likely,14%,less likely,6,36,36,74,,http://force.nj.com/database/pd-dept/washington-gloucester
"Washington &amp; Califon Borough, Morris",/database/pd-dept/washington-morris,N/A,Not found,124%,more likely,0,8,8,28,,http://force.nj.com/database/pd-dept/washington-morris
"Watchung, Somerset",/database/pd-dept/watchung-somerset,3990%,more likely,2%,less likely,0,8,11,30,,http://force.nj.com/database/pd-dept/watchung-somerset
"Waterford, Camden",/database/pd-dept/waterford-camden,1180%,more likely,86%,more likely,2,8,13,22,,http://force.nj.com/database/pd-dept/waterford-camden
"Wayne, Passaic",/database/pd-dept/wayne-passaic,402%,more likely,23%,less likely,0,19,21,116,,http://force.nj.com/database/pd-dept/wayne-passaic
"Weehawken, Hudson",/database/pd-dept/weehawken-hudson,N/A,Not found,N/A,Not found,0,15,15,46,,http://force.nj.com/database/pd-dept/weehawken-hudson
"Wenonah, Gloucester",/database/pd-dept/wenonah-gloucester,N/A,Not found,47%,more likely,0,2,2,6,,http://force.nj.com/database/pd-dept/wenonah-gloucester
"West Amwell, Hunterdon",/database/pd-dept/west-amwell-hunterdon,N/A,Not found,N/A,Not found,0,1,2,6,,http://force.nj.com/database/pd-dept/west-amwell-hunterdon
"West Caldwell, Essex",/database/pd-dept/west-caldwell-essex,N/A,Not found,N/A,Not found,0,4,4,26,,http://force.nj.com/database/pd-dept/west-caldwell-essex
"West Deptford, Gloucester",/database/pd-dept/west-deptford-gloucester,213%,more likely,5%,less likely,3,21,21,41,,http://force.nj.com/database/pd-dept/west-deptford-gloucester
"West Long Branch, Monmouth",/database/pd-dept/west-long-branch-monmouth,494%,more likely,20%,less likely,0,5,6,20,,http://force.nj.com/database/pd-dept/west-long-branch-monmouth
"West Milford, Passaic",/database/pd-dept/west-milford-passaic,836%,more likely,59%,more likely,0,6,8,44,,http://force.nj.com/database/pd-dept/west-milford-passaic
"West New York, Hudson",/database/pd-dept/west-new-york-hudson,62%,less likely,92%,more likely,16,69,69,105,,http://force.nj.com/database/pd-dept/west-new-york-hudson
"West Orange, Essex",/database/pd-dept/west-orange-essex,173%,more likely,29%,more likely,1,29,34,94,,http://force.nj.com/database/pd-dept/west-orange-essex
"West Wildwood, Cape May",/database/pd-dept/west-wildwood-cape-may,N/A,Not found,N/A,Not found,0,2,2,4,,http://force.nj.com/database/pd-dept/west-wildwood-cape-may
"West Windsor, Mercer",/database/pd-dept/west-windsor-mercer,1083%,more likely,1%,less likely,0,16,16,47,,http://force.nj.com/database/pd-dept/west-windsor-mercer
"Westfield, Union",/database/pd-dept/westfield-union,403%,more likely,64%,less likely,0,13,13,55,,http://force.nj.com/database/pd-dept/westfield-union
"Westampton, Burlington",/database/pd-dept/westampton-burlington,491%,more likely,28%,more likely,1,12,13,22,,http://force.nj.com/database/pd-dept/westampton-burlington
"Westville &amp; National Park, Gloucester",/database/pd-dept/westville-gloucester,657%,more likely,28%,more likely,1,8,12,12,,http://force.nj.com/database/pd-dept/westville-gloucester
"Westwood, Bergen",/database/pd-dept/westwood-bergen,171%,more likely,7%,more likely,0,11,12,25,,http://force.nj.com/database/pd-dept/westwood-bergen
"Wharton &amp; Mine Hill, Morris",/database/pd-dept/wharton-morris,512%,more likely,41%,more likely,0,10,12,20,,http://force.nj.com/database/pd-dept/wharton-morris
"Wildwood Crest, Cape May",/database/pd-dept/wildwood-crest-cape-may,N/A,Not found,96%,more likely,0,13,15,20,,http://force.nj.com/database/pd-dept/wildwood-crest-cape-may
"Wildwood, Cape May",/database/pd-dept/wildwood-cape-may,233%,more likely,96%,more likely,11,65,69,38,,http://force.nj.com/database/pd-dept/wildwood-cape-may
"Willingboro, Burlington",/database/pd-dept/willingboro-burlington,2%,more likely,18%,less likely,3,33,35,63,,http://force.nj.com/database/pd-dept/willingboro-burlington
"Winfield, Union",/database/pd-dept/winfield-union,N/A,Not found,N/A,Not found,0,1,1,8,,http://force.nj.com/database/pd-dept/winfield-union
"Winslow, Camden",/database/pd-dept/winslow-camden,142%,more likely,67%,more likely,4,46,48,72,,http://force.nj.com/database/pd-dept/winslow-camden
"Wood-Ridge, Bergen",/database/pd-dept/wood-ridge-bergen,N/A,Not found,32%,more likely,0,1,1,21,,http://force.nj.com/database/pd-dept/wood-ridge-bergen
"Woodbridge, Middlesex",/database/pd-dept/woodbridge-middlesex,70%,more likely,2%,more likely,5,93,97,190,,http://force.nj.com/database/pd-dept/woodbridge-middlesex
"Woodbury Heights, Gloucester",/database/pd-dept/woodbury-heights-gloucester,648%,more likely,81%,less likely,1,4,4,7,,http://force.nj.com/database/pd-dept/woodbury-heights-gloucester
"Woodbury, Gloucester",/database/pd-dept/woodbury-gloucester,299%,more likely,39%,more likely,0,20,22,28,,http://force.nj.com/database/pd-dept/woodbury-gloucester
"Woodcliff Lake, Bergen",/database/pd-dept/woodcliff-lake-bergen,N/A,Not found,N/A,Not found,0,2,2,18,,http://force.nj.com/database/pd-dept/woodcliff-lake-bergen
"Woodland Park, Passaic",/database/pd-dept/woodland-park-passaic,707%,more likely,40%,more likely,1,11,12,26,,http://force.nj.com/database/pd-dept/woodland-park-passaic
"Woodlynne, Camden",/database/pd-dept/woodlynne-camden,95%,more likely,112%,more likely,1,7,7,6,,http://force.nj.com/database/pd-dept/woodlynne-camden
"Woodstown, Salem",/database/pd-dept/woodstown-salem,322%,more likely,13%,more likely,0,4,4,8,,http://force.nj.com/database/pd-dept/woodstown-salem
"Woolwich &amp; Swedesboro, Gloucester",/database/pd-dept/woolwich-gloucester,N/A,Not found,N/A,Not found,0,4,4,21,,http://force.nj.com/database/pd-dept/woolwich-gloucester
"Wyckoff, Bergen",/database/pd-dept/wyckoff-bergen,2788%,more likely,7%,more likely,0,13,13,24,,http://force.nj.com/database/pd-dept/wyckoff-bergen
"Hi-Nella, Camden",/database/pd-dept/hi-nella-camden,Not found,,Not found,,Not found,Not found,Not found,Not found,Not found,http://force.nj.com/database/pd-dept/hi-nella-camden
"Lawnside, Camden",/database/pd-dept/lawnside-camden,Not found,,Not found,,Not found,Not found,Not found,Not found,Not found,http://force.nj.com/database/pd-dept/lawnside-camden
"Pine Valley, Camden",/database/pd-dept/pine%20valley-camden,Not found,,Not found,,Not found,Not found,Not found,Not found,Not found,http://force.nj.com/database/pd-dept/pine%20valley-camden
"Franklin, Hunterdon",/database/pd-dept/franklin-hunterdon,Not found,,Not found,,Not found,Not found,Not found,Not found,Not found,http://force.nj.com/database/pd-dept/franklin-hunterdon
"Tewksbury, Hunterdon",/database/pd-dept/tewksbury-hunterdon,Not found,,Not found,,Not found,Not found,Not found,Not found,Not found,http://force.nj.com/database/pd-dept/tewksbury-hunterdon
"Elmer, Salem",/database/pd-dept/elmer-salem,Not found,,Not found,,Not found,Not found,Not found,Not found,Not found,http://force.nj.com/database/pd-dept/elmer-salem
"Holland, Hunterdon",/database/pd-dept/holland-hunterdon,Not found,,Not found,,Not found,Not found,Not found,Not found,Not found,http://force.nj.com/database/pd-dept/holland-hunterdon
"New Hanover, Burlington",/database/pd-dept/new-hanover-burlington,Not found,,Not found,,Not found,Not found,Not found,Not found,Not found,http://force.nj.com/database/pd-dept/new-hanover-burlington
"Buena Vista, Atlantic",/database/pd-dept/buena-vista-atlantic,Not found,,Not found,,Not found,Not found,Not found,Not found,Not found,http://force.nj.com/database/pd-dept/buena-vista-atlantic
"Corbin City, Atlantic",/database/pd-dept/corbin-city-atlantic,Not found,,Not found,,Not found,Not found,Not found,Not found,Not found,http://force.nj.com/database/pd-dept/corbin-city-atlantic
"Estell Manor, Atlantic",/database/pd-dept/estell-manor-atlantic,Not found,,Not found,,Not found,Not found,Not found,Not found,Not found,http://force.nj.com/database/pd-dept/estell-manor-atlantic
"Folsom, Atlantic",/database/pd-dept/folsom-atlantic,Not found,,Not found,,Not found,Not found,Not found,Not found,Not found,http://force.nj.com/database/pd-dept/folsom-atlantic
"Port Republic City, Atlantic",/database/pd-dept/port-republic-city-atlantic,Not found,,Not found,,Not found,Not found,Not found,Not found,Not found,http://force.nj.com/database/pd-dept/port-republic-city-atlantic
"Weymouth Township, Atlantic",/database/pd-dept/weymouth-township-atlantic,Not found,,Not found,,Not found,Not found,Not found,Not found,Not found,http://force.nj.com/database/pd-dept/weymouth-township-atlantic
"Wrightstown, Burlington",/database/pd-dept/wrightstown-burlington,Not found,,Not found,,Not found,Not found,Not found,Not found,Not found,http://force.nj.com/database/pd-dept/wrightstown-burlington
"Woodland, Burlington",/database/pd-dept/woodland-burlington,Not found,,Not found,,Not found,Not found,Not found,Not found,Not found,http://force.nj.com/database/pd-dept/woodland-burlington
"Bass River, Burlington",/database/pd-dept/bass-river-burlington,Not found,,Not found,,Not found,Not found,Not found,Not found,Not found,http://force.nj.com/database/pd-dept/bass-river-burlington
"Hainesport, Burlington",/database/pd-dept/hainesport-burlington,Not found,,Not found,,Not found,Not found,Not found,Not found,Not found,http://force.nj.com/database/pd-dept/hainesport-burlington
"Tabernacle, Burlington",/database/pd-dept/tabernacle-burlington,Not found,,Not found,,Not found,Not found,Not found,Not found,Not found,http://force.nj.com/database/pd-dept/tabernacle-burlington
"Southampton, Burlington",/database/pd-dept/southampton-burlington,Not found,,Not found,,Not found,Not found,Not found,Not found,Not found,http://force.nj.com/database/pd-dept/southampton-burlington
"Shamong, Burlington",/database/pd-dept/shamong-burlington,Not found,,Not found,,Not found,Not found,Not found,Not found,Not found,http://force.nj.com/database/pd-dept/shamong-burlington
"Washington, Burlington",/database/pd-dept/washington-burlington,Not found,,Not found,,Not found,Not found,Not found,Not found,Not found,http://force.nj.com/database/pd-dept/washington-burlington
"Dennis, Cape May",/database/pd-dept/dennis-cape-may,Not found,,Not found,,Not found,Not found,Not found,Not found,Not found,http://force.nj.com/database/pd-dept/dennis-cape-may
"Upper, Cape May",/database/pd-dept/upper-cape-may,Not found,,Not found,,Not found,Not found,Not found,Not found,Not found,http://force.nj.com/database/pd-dept/upper-cape-may
"Woodbine, Cape May",/database/pd-dept/woodbine-cape-may,Not found,,Not found,,Not found,Not found,Not found,Not found,Not found,http://force.nj.com/database/pd-dept/woodbine-cape-may
"Commercial, Cumberland",/database/pd-dept/commercial-cumberland,Not found,,Not found,,Not found,Not found,Not found,Not found,Not found,http://force.nj.com/database/pd-dept/commercial-cumberland
"Deerfield, Cumberland",/database/pd-dept/deerfield-cumberland,Not found,,Not found,,Not found,Not found,Not found,Not found,Not found,http://force.nj.com/database/pd-dept/deerfield-cumberland
"Downe, Cumberland",/database/pd-dept/downe-cumberland,Not found,,Not found,,Not found,Not found,Not found,Not found,Not found,http://force.nj.com/database/pd-dept/downe-cumberland
"Fairfield, Cumberland",/database/pd-dept/fairfield-cumberland,Not found,,Not found,,Not found,Not found,Not found,Not found,Not found,http://force.nj.com/database/pd-dept/fairfield-cumberland
"Greenwich Township, Cumberland",/database/pd-dept/greenwich-township-cumberland,Not found,,Not found,,Not found,Not found,Not found,Not found,Not found,http://force.nj.com/database/pd-dept/greenwich-township-cumberland
"Hopewell, Cumberland",/database/pd-dept/hopewell-cumberland,Not found,,Not found,,Not found,Not found,Not found,Not found,Not found,http://force.nj.com/database/pd-dept/hopewell-cumberland
"Lawrence Township, Cumberland",/database/pd-dept/lawrence-township-cumberland,Not found,,Not found,,Not found,Not found,Not found,Not found,Not found,http://force.nj.com/database/pd-dept/lawrence-township-cumberland
"Maurice River, Cumberland",/database/pd-dept/maurice-river-cumberland,Not found,,Not found,,Not found,Not found,Not found,Not found,Not found,http://force.nj.com/database/pd-dept/maurice-river-cumberland
"Shiloh Borough, Cumberland",/database/pd-dept/shiloh-borough-cumberland,Not found,,Not found,,Not found,Not found,Not found,Not found,Not found,http://force.nj.com/database/pd-dept/shiloh-borough-cumberland
"Stow Creek, Cumberland",/database/pd-dept/stow-creek-cumberland,Not found,,Not found,,Not found,Not found,Not found,Not found,Not found,http://force.nj.com/database/pd-dept/stow-creek-cumberland
"Upper Deerfield, Cumberland",/database/pd-dept/upper-deerfield-cumberland,Not found,,Not found,,Not found,Not found,Not found,Not found,Not found,http://force.nj.com/database/pd-dept/upper-deerfield-cumberland
"Alexandria, Hunterdon",/database/pd-dept/alexandria-hunterdon,Not found,,Not found,,Not found,Not found,Not found,Not found,Not found,http://force.nj.com/database/pd-dept/alexandria-hunterdon
"Bethlehem, Hunterdon",/database/pd-dept/bethlehem-hunterdon,Not found,,Not found,,Not found,Not found,Not found,Not found,Not found,http://force.nj.com/database/pd-dept/bethlehem-hunterdon
"Bloomsbury Borough, Hunterdon",/database/pd-dept/bloomsbury-borough-hunterdon,Not found,,Not found,,Not found,Not found,Not found,Not found,Not found,http://force.nj.com/database/pd-dept/bloomsbury-borough-hunterdon
"East Amwell, Hunterdon",/database/pd-dept/east-amwell-hunterdon,Not found,,Not found,,Not found,Not found,Not found,Not found,Not found,http://force.nj.com/database/pd-dept/east-amwell-hunterdon
"Glen Gardner Borough, Hunterdon",/database/pd-dept/glen-gardner-borough-hunterdon,Not found,,Not found,,Not found,Not found,Not found,Not found,Not found,http://force.nj.com/database/pd-dept/glen-gardner-borough-hunterdon
"Hampton, Hunterdon",/database/pd-dept/hampton-hunterdon,Not found,,Not found,,Not found,Not found,Not found,Not found,Not found,http://force.nj.com/database/pd-dept/hampton-hunterdon
"Kingwood, Hunterdon",/database/pd-dept/kingwood-hunterdon,Not found,,Not found,,Not found,Not found,Not found,Not found,Not found,http://force.nj.com/database/pd-dept/kingwood-hunterdon
"Lebanon Borough, Hunterdon",/database/pd-dept/lebanon-borough-hunterdon,Not found,,Not found,,Not found,Not found,Not found,Not found,Not found,http://force.nj.com/database/pd-dept/lebanon-borough-hunterdon
"Milford Borough, Hunterdon",/database/pd-dept/milford-borough-hunterdon,Not found,,Not found,,Not found,Not found,Not found,Not found,Not found,http://force.nj.com/database/pd-dept/milford-borough-hunterdon
"Stockton Borough, Hunterdon",/database/pd-dept/stockton-borough-hunterdon,Not found,,Not found,,Not found,Not found,Not found,Not found,Not found,http://force.nj.com/database/pd-dept/stockton-borough-hunterdon
"Union, Hunterdon",/database/pd-dept/union-hunterdon,Not found,,Not found,,Not found,Not found,Not found,Not found,Not found,http://force.nj.com/database/pd-dept/union-hunterdon
"Farmingdale, Monmouth",/database/pd-dept/farmingdale-monmouth,Not found,,Not found,,Not found,Not found,Not found,Not found,Not found,http://force.nj.com/database/pd-dept/farmingdale-monmouth
"Millstone, Monmouth",/database/pd-dept/millstone-monmouth,Not found,,Not found,,Not found,Not found,Not found,Not found,Not found,http://force.nj.com/database/pd-dept/millstone-monmouth
"Roosevelt, Monmouth",/database/pd-dept/roosevelt-monmouth,Not found,,Not found,,Not found,Not found,Not found,Not found,Not found,http://force.nj.com/database/pd-dept/roosevelt-monmouth
"Shrewsbury Township, Monmouth",/database/pd-dept/shrewsbury-township-monmouth,Not found,,Not found,,Not found,Not found,Not found,Not found,Not found,http://force.nj.com/database/pd-dept/shrewsbury-township-monmouth
"Upper Freehold, Monmouth",/database/pd-dept/upper-freehold-monmouth,Not found,,Not found,,Not found,Not found,Not found,Not found,Not found,http://force.nj.com/database/pd-dept/upper-freehold-monmouth
"Victory Gardens, Morris",/database/pd-dept/victory-gardens-morris,Not found,,Not found,,Not found,Not found,Not found,Not found,Not found,http://force.nj.com/database/pd-dept/victory-gardens-morris
"Eagleswood, Ocean",/database/pd-dept/eagleswood-ocean,Not found,,Not found,,Not found,Not found,Not found,Not found,Not found,http://force.nj.com/database/pd-dept/eagleswood-ocean
"Alloway, Salem",/database/pd-dept/alloway-salem,Not found,,Not found,,Not found,Not found,Not found,Not found,Not found,http://force.nj.com/database/pd-dept/alloway-salem
"Mannington, Salem",/database/pd-dept/mannington-salem,Not found,,Not found,,Not found,Not found,Not found,Not found,Not found,http://force.nj.com/database/pd-dept/mannington-salem
"Oldmans, Salem",/database/pd-dept/oldmans-salem,Not found,,Not found,,Not found,Not found,Not found,Not found,Not found,http://force.nj.com/database/pd-dept/oldmans-salem
"Pilesgrove, Salem",/database/pd-dept/pilesgrove-salem,Not found,,Not found,,Not found,Not found,Not found,Not found,Not found,http://force.nj.com/database/pd-dept/pilesgrove-salem
"Pittsgrove, Salem",/database/pd-dept/pittsgrove-salem,Not found,,Not found,,Not found,Not found,Not found,Not found,Not found,http://force.nj.com/database/pd-dept/pittsgrove-salem
"Quinton, Salem",/database/pd-dept/quinton-salem,Not found,,Not found,,Not found,Not found,Not found,Not found,Not found,http://force.nj.com/database/pd-dept/quinton-salem
"Upper Pittsgrove, Salem",/database/pd-dept/upper-pittsgrove-salem,Not found,,Not found,,Not found,Not found,Not found,Not found,Not found,http://force.nj.com/database/pd-dept/upper-pittsgrove-salem
"Millstone, Somerset",/database/pd-dept/millstone-somerset,Not found,,Not found,,Not found,Not found,Not found,Not found,Not found,http://force.nj.com/database/pd-dept/millstone-somerset
"Rocky Hill, Somerset",/database/pd-dept/rocky-hill-somerset,Not found,,Not found,,Not found,Not found,Not found,Not found,Not found,http://force.nj.com/database/pd-dept/rocky-hill-somerset
"Andover Borough, Sussex",/database/pd-dept/andover-borough-sussex,Not found,,Not found,,Not found,Not found,Not found,Not found,Not found,http://force.nj.com/database/pd-dept/andover-borough-sussex
"Branchville Borough, Sussex",/database/pd-dept/branchville-borough-sussex,Not found,,Not found,,Not found,Not found,Not found,Not found,Not found,http://force.nj.com/database/pd-dept/branchville-borough-sussex
"Frankford, Sussex",/database/pd-dept/frankford-sussex,Not found,,Not found,,Not found,Not found,Not found,Not found,Not found,http://force.nj.com/database/pd-dept/frankford-sussex
"Fredon, Sussex",/database/pd-dept/fredon-sussex,Not found,,Not found,,Not found,Not found,Not found,Not found,Not found,http://force.nj.com/database/pd-dept/fredon-sussex
"Green, Sussex",/database/pd-dept/green-sussex,Not found,,Not found,,Not found,Not found,Not found,Not found,Not found,http://force.nj.com/database/pd-dept/green-sussex
"Hampton, Sussex",/database/pd-dept/hampton-sussex,Not found,,Not found,,Not found,Not found,Not found,Not found,Not found,http://force.nj.com/database/pd-dept/hampton-sussex
"Lafayette, Sussex",/database/pd-dept/lafayette-sussex,Not found,,Not found,,Not found,Not found,Not found,Not found,Not found,http://force.nj.com/database/pd-dept/lafayette-sussex
"Montague, Sussex",/database/pd-dept/montague-sussex,Not found,,Not found,,Not found,Not found,Not found,Not found,Not found,http://force.nj.com/database/pd-dept/montague-sussex
"Sandyston, Sussex",/database/pd-dept/sandyston-sussex,Not found,,Not found,,Not found,Not found,Not found,Not found,Not found,http://force.nj.com/database/pd-dept/sandyston-sussex
"Stillwater, Sussex",/database/pd-dept/stillwater-sussex,Not found,,Not found,,Not found,Not found,Not found,Not found,Not found,http://force.nj.com/database/pd-dept/stillwater-sussex
"Sussex Borough, Sussex",/database/pd-dept/sussex-borough-sussex,Not found,,Not found,,Not found,Not found,Not found,Not found,Not found,http://force.nj.com/database/pd-dept/sussex-borough-sussex
"Walpack Township, Sussex",/database/pd-dept/walpack-township-sussex,Not found,,Not found,,Not found,Not found,Not found,Not found,Not found,http://force.nj.com/database/pd-dept/walpack-township-sussex
"Wantage, Sussex",/database/pd-dept/wantage-sussex,Not found,,Not found,,Not found,Not found,Not found,Not found,Not found,http://force.nj.com/database/pd-dept/wantage-sussex
"Allamuchy, Warren",/database/pd-dept/allamuchy-warren,Not found,,Not found,,Not found,Not found,Not found,Not found,Not found,http://force.nj.com/database/pd-dept/allamuchy-warren
"Franklin, Warren",/database/pd-dept/franklin-warren,Not found,,Not found,,Not found,Not found,Not found,Not found,Not found,http://force.nj.com/database/pd-dept/franklin-warren
"Frelinghuysen, Warren",/database/pd-dept/frelinghuysen-warren,Not found,,Not found,,Not found,Not found,Not found,Not found,Not found,http://force.nj.com/database/pd-dept/frelinghuysen-warren
"Hardwick Township, Warren",/database/pd-dept/hardwick-township-warren,Not found,,Not found,,Not found,Not found,Not found,Not found,Not found,http://force.nj.com/database/pd-dept/hardwick-township-warren
"Harmony, Warren",/database/pd-dept/harmony-warren,Not found,,Not found,,Not found,Not found,Not found,Not found,Not found,http://force.nj.com/database/pd-dept/harmony-warren
"Hope, Warren",/database/pd-dept/hope-warren,Not found,,Not found,,Not found,Not found,Not found,Not found,Not found,http://force.nj.com/database/pd-dept/hope-warren
"Knowlton Township, Warren",/database/pd-dept/knowlton-township-warren,Not found,,Not found,,Not found,Not found,Not found,Not found,Not found,http://force.nj.com/database/pd-dept/knowlton-township-warren
"Liberty Township, Warren",/database/pd-dept/liberty-township-warren,Not found,,Not found,,Not found,Not found,Not found,Not found,Not found,http://force.nj.com/database/pd-dept/liberty-township-warren
"Oxford, Warren",/database/pd-dept/oxford-warren,Not found,,Not found,,Not found,Not found,Not found,Not found,Not found,http://force.nj.com/database/pd-dept/oxford-warren
"White, Warren",/database/pd-dept/white-warren,Not found,,Not found,,Not found,Not found,Not found,Not found,Not found,http://force.nj.com/database/pd-dept/white-warren
New Jersey State Police (NJSP)&nbsp;,/database/pd-dept/njsp,Not found,,Not found,,2,671,676,Not found,Not found,http://force.nj.com/database/pd-dept/njsp
